1c1
< Detector radius & height   429.53  749.31
---
> Detector radius & height   429.53  743.07
6998,7501c6998,7501
<     504   504   0   320.000000000   422.100000000   120.000000000 -0.000000000  1.000000000 -0.000000000   5
<     503   503   0   320.000000000   422.100000000    40.000000000 -0.000000000  1.000000000 -0.000000000   5
<     502   502   0   320.000000000   422.100000000   -40.000000000 -0.000000000  1.000000000 -0.000000000   5
<     501   501   0   320.000000000   422.100000000  -120.000000000 -0.000000000  1.000000000 -0.000000000   5
<     500   500   0   280.000000000   422.100000000   160.000000000 -0.000000000  1.000000000 -0.000000000   5
<     499   499   0   280.000000000   422.100000000    80.000000000 -0.000000000  1.000000000 -0.000000000   5
<     498   498   0   280.000000000   422.100000000    -0.000000000 -0.000000000  1.000000000 -0.000000000   5
<     497   497   0   280.000000000   422.100000000   -80.000000000 -0.000000000  1.000000000 -0.000000000   5
<     496   496   0   280.000000000   422.100000000  -160.000000000 -0.000000000  1.000000000 -0.000000000   5
<     495   495   0   240.000000000   422.100000000   200.000000000 -0.000000000  1.000000000 -0.000000000   5
<     494   494   0   240.000000000   422.100000000   120.000000000 -0.000000000  1.000000000 -0.000000000   5
<     493   493   0   240.000000000   422.100000000    40.000000000 -0.000000000  1.000000000 -0.000000000   5
<     492   492   0   240.000000000   422.100000000   -40.000000000 -0.000000000  1.000000000 -0.000000000   5
<     491   491   0   240.000000000   422.100000000  -120.000000000 -0.000000000  1.000000000 -0.000000000   5
<     490   490   0   240.000000000   422.100000000  -200.000000000 -0.000000000  1.000000000 -0.000000000   5
<     489   489   0   200.000000000   422.100000000   240.000000000 -0.000000000  1.000000000 -0.000000000   5
<     488   488   0   200.000000000   422.100000000   160.000000000 -0.000000000  1.000000000 -0.000000000   5
<     487   487   0   200.000000000   422.100000000    80.000000000 -0.000000000  1.000000000 -0.000000000   5
<     486   486   0   200.000000000   422.100000000    -0.000000000 -0.000000000  1.000000000 -0.000000000   5
<     485   485   0   200.000000000   422.100000000   -80.000000000 -0.000000000  1.000000000 -0.000000000   5
<     484   484   0   200.000000000   422.100000000  -160.000000000 -0.000000000  1.000000000 -0.000000000   5
<     483   483   0   200.000000000   422.100000000  -240.000000000 -0.000000000  1.000000000 -0.000000000   5
<     482   482   0   160.000000000   422.100000000   280.000000000 -0.000000000  1.000000000 -0.000000000   5
<     481   481   0   160.000000000   422.100000000   200.000000000 -0.000000000  1.000000000 -0.000000000   5
<     480   480   0   160.000000000   422.100000000   120.000000000 -0.000000000  1.000000000 -0.000000000   5
<     479   479   0   160.000000000   422.100000000    40.000000000 -0.000000000  1.000000000 -0.000000000   5
<     478   478   0   160.000000000   422.100000000   -40.000000000 -0.000000000  1.000000000 -0.000000000   5
<     477   477   0   160.000000000   422.100000000  -120.000000000 -0.000000000  1.000000000 -0.000000000   5
<     476   476   0   160.000000000   422.100000000  -200.000000000 -0.000000000  1.000000000 -0.000000000   5
<     475   475   0   160.000000000   422.100000000  -280.000000000 -0.000000000  1.000000000 -0.000000000   5
<     474   474   0   120.000000000   422.100000000   320.000000000 -0.000000000  1.000000000 -0.000000000   5
<     473   473   0   120.000000000   422.100000000   240.000000000 -0.000000000  1.000000000 -0.000000000   5
<     472   472   0   120.000000000   422.100000000   160.000000000 -0.000000000  1.000000000 -0.000000000   5
<     471   471   0   120.000000000   422.100000000    80.000000000 -0.000000000  1.000000000 -0.000000000   5
<     470   470   0   120.000000000   422.100000000    -0.000000000 -0.000000000  1.000000000 -0.000000000   5
<     469   469   0   120.000000000   422.100000000   -80.000000000 -0.000000000  1.000000000 -0.000000000   5
<     468   468   0   120.000000000   422.100000000  -160.000000000 -0.000000000  1.000000000 -0.000000000   5
<     467   467   0   120.000000000   422.100000000  -240.000000000 -0.000000000  1.000000000 -0.000000000   5
<     466   466   0   120.000000000   422.100000000  -320.000000000 -0.000000000  1.000000000 -0.000000000   5
<     465   465   0    80.000000000   422.100000000   280.000000000 -0.000000000  1.000000000 -0.000000000   5
<     464   464   0    80.000000000   422.100000000   200.000000000 -0.000000000  1.000000000 -0.000000000   5
<     463   463   0    80.000000000   422.100000000   120.000000000 -0.000000000  1.000000000 -0.000000000   5
<     462   462   0    80.000000000   422.100000000    40.000000000 -0.000000000  1.000000000 -0.000000000   5
<     461   461   0    80.000000000   422.100000000   -40.000000000 -0.000000000  1.000000000 -0.000000000   5
<     460   460   0    80.000000000   422.100000000  -120.000000000 -0.000000000  1.000000000 -0.000000000   5
<     459   459   0    80.000000000   422.100000000  -200.000000000 -0.000000000  1.000000000 -0.000000000   5
<     458   458   0    80.000000000   422.100000000  -280.000000000 -0.000000000  1.000000000 -0.000000000   5
<     457   457   0    40.000000000   422.100000000   320.000000000 -0.000000000  1.000000000 -0.000000000   5
<     456   456   0    40.000000000   422.100000000   240.000000000 -0.000000000  1.000000000 -0.000000000   5
<     455   455   0    40.000000000   422.100000000   160.000000000 -0.000000000  1.000000000 -0.000000000   5
<     454   454   0    40.000000000   422.100000000    80.000000000 -0.000000000  1.000000000 -0.000000000   5
<     453   453   0    40.000000000   422.100000000    -0.000000000 -0.000000000  1.000000000 -0.000000000   5
<     452   452   0    40.000000000   422.100000000   -80.000000000 -0.000000000  1.000000000 -0.000000000   5
<     451   451   0    40.000000000   422.100000000  -160.000000000 -0.000000000  1.000000000 -0.000000000   5
<     450   450   0    40.000000000   422.100000000  -240.000000000 -0.000000000  1.000000000 -0.000000000   5
<     449   449   0    40.000000000   422.100000000  -320.000000000 -0.000000000  1.000000000 -0.000000000   5
<     448   448   0     0.000000000   422.100000000   280.000000000 -0.000000000  1.000000000 -0.000000000   5
<     447   447   0     0.000000000   422.100000000   200.000000000 -0.000000000  1.000000000 -0.000000000   5
<     446   446   0     0.000000000   422.100000000   120.000000000 -0.000000000  1.000000000 -0.000000000   5
<     445   445   0     0.000000000   422.100000000    40.000000000 -0.000000000  1.000000000 -0.000000000   5
<     444   444   0     0.000000000   422.100000000   -40.000000000 -0.000000000  1.000000000 -0.000000000   5
<     443   443   0     0.000000000   422.100000000  -120.000000000 -0.000000000  1.000000000 -0.000000000   5
<     442   442   0     0.000000000   422.100000000  -200.000000000 -0.000000000  1.000000000 -0.000000000   5
<     441   441   0     0.000000000   422.100000000  -280.000000000 -0.000000000  1.000000000 -0.000000000   5
<     440   440   0   -40.000000000   422.100000000   320.000000000 -0.000000000  1.000000000 -0.000000000   5
<     439   439   0   -40.000000000   422.100000000   240.000000000 -0.000000000  1.000000000 -0.000000000   5
<     438   438   0   -40.000000000   422.100000000   160.000000000 -0.000000000  1.000000000 -0.000000000   5
<     437   437   0   -40.000000000   422.100000000    80.000000000 -0.000000000  1.000000000 -0.000000000   5
<     436   436   0   -40.000000000   422.100000000    -0.000000000 -0.000000000  1.000000000 -0.000000000   5
<     435   435   0   -40.000000000   422.100000000   -80.000000000 -0.000000000  1.000000000 -0.000000000   5
<     434   434   0   -40.000000000   422.100000000  -160.000000000 -0.000000000  1.000000000 -0.000000000   5
<     433   433   0   -40.000000000   422.100000000  -240.000000000 -0.000000000  1.000000000 -0.000000000   5
<     432   432   0   -40.000000000   422.100000000  -320.000000000 -0.000000000  1.000000000 -0.000000000   5
<     431   431   0   -80.000000000   422.100000000   280.000000000 -0.000000000  1.000000000 -0.000000000   5
<     430   430   0   -80.000000000   422.100000000   200.000000000 -0.000000000  1.000000000 -0.000000000   5
<     429   429   0   -80.000000000   422.100000000   120.000000000 -0.000000000  1.000000000 -0.000000000   5
<     428   428   0   -80.000000000   422.100000000    40.000000000 -0.000000000  1.000000000 -0.000000000   5
<     427   427   0   -80.000000000   422.100000000   -40.000000000 -0.000000000  1.000000000 -0.000000000   5
<     426   426   0   -80.000000000   422.100000000  -120.000000000 -0.000000000  1.000000000 -0.000000000   5
<     425   425   0   -80.000000000   422.100000000  -200.000000000 -0.000000000  1.000000000 -0.000000000   5
<     424   424   0   -80.000000000   422.100000000  -280.000000000 -0.000000000  1.000000000 -0.000000000   5
<     423   423   0  -120.000000000   422.100000000   320.000000000 -0.000000000  1.000000000 -0.000000000   5
<     422   422   0  -120.000000000   422.100000000   240.000000000 -0.000000000  1.000000000 -0.000000000   5
<     421   421   0  -120.000000000   422.100000000   160.000000000 -0.000000000  1.000000000 -0.000000000   5
<     420   420   0  -120.000000000   422.100000000    80.000000000 -0.000000000  1.000000000 -0.000000000   5
<     419   419   0  -120.000000000   422.100000000    -0.000000000 -0.000000000  1.000000000 -0.000000000   5
<     418   418   0  -120.000000000   422.100000000   -80.000000000 -0.000000000  1.000000000 -0.000000000   5
<     417   417   0  -120.000000000   422.100000000  -160.000000000 -0.000000000  1.000000000 -0.000000000   5
<     416   416   0  -120.000000000   422.100000000  -240.000000000 -0.000000000  1.000000000 -0.000000000   5
<     415   415   0  -120.000000000   422.100000000  -320.000000000 -0.000000000  1.000000000 -0.000000000   5
<     414   414   0  -160.000000000   422.100000000   280.000000000 -0.000000000  1.000000000 -0.000000000   5
<     413   413   0  -160.000000000   422.100000000   200.000000000 -0.000000000  1.000000000 -0.000000000   5
<     412   412   0  -160.000000000   422.100000000   120.000000000 -0.000000000  1.000000000 -0.000000000   5
<     411   411   0  -160.000000000   422.100000000    40.000000000 -0.000000000  1.000000000 -0.000000000   5
<     410   410   0  -160.000000000   422.100000000   -40.000000000 -0.000000000  1.000000000 -0.000000000   5
<     409   409   0  -160.000000000   422.100000000  -120.000000000 -0.000000000  1.000000000 -0.000000000   5
<     408   408   0  -160.000000000   422.100000000  -200.000000000 -0.000000000  1.000000000 -0.000000000   5
<     407   407   0  -160.000000000   422.100000000  -280.000000000 -0.000000000  1.000000000 -0.000000000   5
<     406   406   0  -200.000000000   422.100000000   240.000000000 -0.000000000  1.000000000 -0.000000000   5
<     405   405   0  -200.000000000   422.100000000   160.000000000 -0.000000000  1.000000000 -0.000000000   5
<     404   404   0  -200.000000000   422.100000000    80.000000000 -0.000000000  1.000000000 -0.000000000   5
<     403   403   0  -200.000000000   422.100000000    -0.000000000 -0.000000000  1.000000000 -0.000000000   5
<     402   402   0  -200.000000000   422.100000000   -80.000000000 -0.000000000  1.000000000 -0.000000000   5
<     401   401   0  -200.000000000   422.100000000  -160.000000000 -0.000000000  1.000000000 -0.000000000   5
<     400   400   0  -200.000000000   422.100000000  -240.000000000 -0.000000000  1.000000000 -0.000000000   5
<     399   399   0  -240.000000000   422.100000000   200.000000000 -0.000000000  1.000000000 -0.000000000   5
<     398   398   0  -240.000000000   422.100000000   120.000000000 -0.000000000  1.000000000 -0.000000000   5
<     397   397   0  -240.000000000   422.100000000    40.000000000 -0.000000000  1.000000000 -0.000000000   5
<     396   396   0  -240.000000000   422.100000000   -40.000000000 -0.000000000  1.000000000 -0.000000000   5
<     395   395   0  -240.000000000   422.100000000  -120.000000000 -0.000000000  1.000000000 -0.000000000   5
<     394   394   0  -240.000000000   422.100000000  -200.000000000 -0.000000000  1.000000000 -0.000000000   5
<     393   393   0  -280.000000000   422.100000000   160.000000000 -0.000000000  1.000000000 -0.000000000   5
<     392   392   0  -280.000000000   422.100000000    80.000000000 -0.000000000  1.000000000 -0.000000000   5
<     391   391   0  -280.000000000   422.100000000    -0.000000000 -0.000000000  1.000000000 -0.000000000   5
<     390   390   0  -280.000000000   422.100000000   -80.000000000 -0.000000000  1.000000000 -0.000000000   5
<     389   389   0  -280.000000000   422.100000000  -160.000000000 -0.000000000  1.000000000 -0.000000000   5
<     388   388   0  -320.000000000   422.100000000   120.000000000 -0.000000000  1.000000000 -0.000000000   5
<     387   387   0  -320.000000000   422.100000000    40.000000000 -0.000000000  1.000000000 -0.000000000   5
<     386   386   0  -320.000000000   422.100000000   -40.000000000 -0.000000000  1.000000000 -0.000000000   5
<     385   385   0  -320.000000000   422.100000000  -120.000000000 -0.000000000  1.000000000 -0.000000000   5
<     384   384   0   320.000000000  -422.100000000   120.000000000  0.000000000 -1.000000000  0.000000000   3
<     383   383   0   320.000000000  -422.100000000    40.000000000  0.000000000 -1.000000000  0.000000000   3
<     382   382   0   320.000000000  -422.100000000   -40.000000000  0.000000000 -1.000000000  0.000000000   3
<     381   381   0   320.000000000  -422.100000000  -120.000000000  0.000000000 -1.000000000  0.000000000   3
<     380   380   0   280.000000000  -422.100000000   160.000000000  0.000000000 -1.000000000  0.000000000   3
<     379   379   0   280.000000000  -422.100000000    80.000000000  0.000000000 -1.000000000  0.000000000   3
<     378   378   0   280.000000000  -422.100000000     0.000000000  0.000000000 -1.000000000  0.000000000   3
<     377   377   0   280.000000000  -422.100000000   -80.000000000  0.000000000 -1.000000000  0.000000000   3
<     376   376   0   280.000000000  -422.100000000  -160.000000000  0.000000000 -1.000000000  0.000000000   3
<     375   375   0   240.000000000  -422.100000000   200.000000000  0.000000000 -1.000000000  0.000000000   3
<     374   374   0   240.000000000  -422.100000000   120.000000000  0.000000000 -1.000000000  0.000000000   3
<     373   373   0   240.000000000  -422.100000000    40.000000000  0.000000000 -1.000000000  0.000000000   3
<     372   372   0   240.000000000  -422.100000000   -40.000000000  0.000000000 -1.000000000  0.000000000   3
<     371   371   0   240.000000000  -422.100000000  -120.000000000  0.000000000 -1.000000000  0.000000000   3
<     370   370   0   240.000000000  -422.100000000  -200.000000000  0.000000000 -1.000000000  0.000000000   3
<     369   369   0   200.000000000  -422.100000000   240.000000000  0.000000000 -1.000000000  0.000000000   3
<     368   368   0   200.000000000  -422.100000000   160.000000000  0.000000000 -1.000000000  0.000000000   3
<     367   367   0   200.000000000  -422.100000000    80.000000000  0.000000000 -1.000000000  0.000000000   3
<     366   366   0   200.000000000  -422.100000000     0.000000000  0.000000000 -1.000000000  0.000000000   3
<     365   365   0   200.000000000  -422.100000000   -80.000000000  0.000000000 -1.000000000  0.000000000   3
<     364   364   0   200.000000000  -422.100000000  -160.000000000  0.000000000 -1.000000000  0.000000000   3
<     363   363   0   200.000000000  -422.100000000  -240.000000000  0.000000000 -1.000000000  0.000000000   3
<     362   362   0   160.000000000  -422.100000000   280.000000000  0.000000000 -1.000000000  0.000000000   3
<     361   361   0   160.000000000  -422.100000000   200.000000000  0.000000000 -1.000000000  0.000000000   3
<     360   360   0   160.000000000  -422.100000000   120.000000000  0.000000000 -1.000000000  0.000000000   3
<     359   359   0   160.000000000  -422.100000000    40.000000000  0.000000000 -1.000000000  0.000000000   3
<     358   358   0   160.000000000  -422.100000000   -40.000000000  0.000000000 -1.000000000  0.000000000   3
<     357   357   0   160.000000000  -422.100000000  -120.000000000  0.000000000 -1.000000000  0.000000000   3
<     356   356   0   160.000000000  -422.100000000  -200.000000000  0.000000000 -1.000000000  0.000000000   3
<     355   355   0   160.000000000  -422.100000000  -280.000000000  0.000000000 -1.000000000  0.000000000   3
<     354   354   0   120.000000000  -422.100000000   320.000000000  0.000000000 -1.000000000  0.000000000   3
<     353   353   0   120.000000000  -422.100000000   240.000000000  0.000000000 -1.000000000  0.000000000   3
<     352   352   0   120.000000000  -422.100000000   160.000000000  0.000000000 -1.000000000  0.000000000   3
<     351   351   0   120.000000000  -422.100000000    80.000000000  0.000000000 -1.000000000  0.000000000   3
<     350   350   0   120.000000000  -422.100000000     0.000000000  0.000000000 -1.000000000  0.000000000   3
<     349   349   0   120.000000000  -422.100000000   -80.000000000  0.000000000 -1.000000000  0.000000000   3
<     348   348   0   120.000000000  -422.100000000  -160.000000000  0.000000000 -1.000000000  0.000000000   3
<     347   347   0   120.000000000  -422.100000000  -240.000000000  0.000000000 -1.000000000  0.000000000   3
<     346   346   0   120.000000000  -422.100000000  -320.000000000  0.000000000 -1.000000000  0.000000000   3
<     345   345   0    80.000000000  -422.100000000   280.000000000  0.000000000 -1.000000000  0.000000000   3
<     344   344   0    80.000000000  -422.100000000   200.000000000  0.000000000 -1.000000000  0.000000000   3
<     343   343   0    80.000000000  -422.100000000   120.000000000  0.000000000 -1.000000000  0.000000000   3
<     342   342   0    80.000000000  -422.100000000    40.000000000  0.000000000 -1.000000000  0.000000000   3
<     341   341   0    80.000000000  -422.100000000   -40.000000000  0.000000000 -1.000000000  0.000000000   3
<     340   340   0    80.000000000  -422.100000000  -120.000000000  0.000000000 -1.000000000  0.000000000   3
<     339   339   0    80.000000000  -422.100000000  -200.000000000  0.000000000 -1.000000000  0.000000000   3
<     338   338   0    80.000000000  -422.100000000  -280.000000000  0.000000000 -1.000000000  0.000000000   3
<     337   337   0    40.000000000  -422.100000000   320.000000000  0.000000000 -1.000000000  0.000000000   3
<     336   336   0    40.000000000  -422.100000000   240.000000000  0.000000000 -1.000000000  0.000000000   3
<     335   335   0    40.000000000  -422.100000000   160.000000000  0.000000000 -1.000000000  0.000000000   3
<     334   334   0    40.000000000  -422.100000000    80.000000000  0.000000000 -1.000000000  0.000000000   3
<     333   333   0    40.000000000  -422.100000000     0.000000000  0.000000000 -1.000000000  0.000000000   3
<     332   332   0    40.000000000  -422.100000000   -80.000000000  0.000000000 -1.000000000  0.000000000   3
<     331   331   0    40.000000000  -422.100000000  -160.000000000  0.000000000 -1.000000000  0.000000000   3
<     330   330   0    40.000000000  -422.100000000  -240.000000000  0.000000000 -1.000000000  0.000000000   3
<     329   329   0    40.000000000  -422.100000000  -320.000000000  0.000000000 -1.000000000  0.000000000   3
<     328   328   0     0.000000000  -422.100000000   280.000000000  0.000000000 -1.000000000  0.000000000   3
<     327   327   0     0.000000000  -422.100000000   200.000000000  0.000000000 -1.000000000  0.000000000   3
<     326   326   0     0.000000000  -422.100000000   120.000000000  0.000000000 -1.000000000  0.000000000   3
<     325   325   0     0.000000000  -422.100000000    40.000000000  0.000000000 -1.000000000  0.000000000   3
<     324   324   0     0.000000000  -422.100000000   -40.000000000  0.000000000 -1.000000000  0.000000000   3
<     323   323   0     0.000000000  -422.100000000  -120.000000000  0.000000000 -1.000000000  0.000000000   3
<     322   322   0     0.000000000  -422.100000000  -200.000000000  0.000000000 -1.000000000  0.000000000   3
<     321   321   0     0.000000000  -422.100000000  -280.000000000  0.000000000 -1.000000000  0.000000000   3
<     320   320   0   -40.000000000  -422.100000000   320.000000000  0.000000000 -1.000000000  0.000000000   3
<     319   319   0   -40.000000000  -422.100000000   240.000000000  0.000000000 -1.000000000  0.000000000   3
<     318   318   0   -40.000000000  -422.100000000   160.000000000  0.000000000 -1.000000000  0.000000000   3
<     317   317   0   -40.000000000  -422.100000000    80.000000000  0.000000000 -1.000000000  0.000000000   3
<     316   316   0   -40.000000000  -422.100000000     0.000000000  0.000000000 -1.000000000  0.000000000   3
<     315   315   0   -40.000000000  -422.100000000   -80.000000000  0.000000000 -1.000000000  0.000000000   3
<     314   314   0   -40.000000000  -422.100000000  -160.000000000  0.000000000 -1.000000000  0.000000000   3
<     313   313   0   -40.000000000  -422.100000000  -240.000000000  0.000000000 -1.000000000  0.000000000   3
<     312   312   0   -40.000000000  -422.100000000  -320.000000000  0.000000000 -1.000000000  0.000000000   3
<     311   311   0   -80.000000000  -422.100000000   280.000000000  0.000000000 -1.000000000  0.000000000   3
<     310   310   0   -80.000000000  -422.100000000   200.000000000  0.000000000 -1.000000000  0.000000000   3
<     309   309   0   -80.000000000  -422.100000000   120.000000000  0.000000000 -1.000000000  0.000000000   3
<     308   308   0   -80.000000000  -422.100000000    40.000000000  0.000000000 -1.000000000  0.000000000   3
<     307   307   0   -80.000000000  -422.100000000   -40.000000000  0.000000000 -1.000000000  0.000000000   3
<     306   306   0   -80.000000000  -422.100000000  -120.000000000  0.000000000 -1.000000000  0.000000000   3
<     305   305   0   -80.000000000  -422.100000000  -200.000000000  0.000000000 -1.000000000  0.000000000   3
<     304   304   0   -80.000000000  -422.100000000  -280.000000000  0.000000000 -1.000000000  0.000000000   3
<     303   303   0  -120.000000000  -422.100000000   320.000000000  0.000000000 -1.000000000  0.000000000   3
<     302   302   0  -120.000000000  -422.100000000   240.000000000  0.000000000 -1.000000000  0.000000000   3
<     301   301   0  -120.000000000  -422.100000000   160.000000000  0.000000000 -1.000000000  0.000000000   3
<     300   300   0  -120.000000000  -422.100000000    80.000000000  0.000000000 -1.000000000  0.000000000   3
<     299   299   0  -120.000000000  -422.100000000     0.000000000  0.000000000 -1.000000000  0.000000000   3
<     298   298   0  -120.000000000  -422.100000000   -80.000000000  0.000000000 -1.000000000  0.000000000   3
<     297   297   0  -120.000000000  -422.100000000  -160.000000000  0.000000000 -1.000000000  0.000000000   3
<     296   296   0  -120.000000000  -422.100000000  -240.000000000  0.000000000 -1.000000000  0.000000000   3
<     295   295   0  -120.000000000  -422.100000000  -320.000000000  0.000000000 -1.000000000  0.000000000   3
<     294   294   0  -160.000000000  -422.100000000   280.000000000  0.000000000 -1.000000000  0.000000000   3
<     293   293   0  -160.000000000  -422.100000000   200.000000000  0.000000000 -1.000000000  0.000000000   3
<     292   292   0  -160.000000000  -422.100000000   120.000000000  0.000000000 -1.000000000  0.000000000   3
<     291   291   0  -160.000000000  -422.100000000    40.000000000  0.000000000 -1.000000000  0.000000000   3
<     290   290   0  -160.000000000  -422.100000000   -40.000000000  0.000000000 -1.000000000  0.000000000   3
<     289   289   0  -160.000000000  -422.100000000  -120.000000000  0.000000000 -1.000000000  0.000000000   3
<     288   288   0  -160.000000000  -422.100000000  -200.000000000  0.000000000 -1.000000000  0.000000000   3
<     287   287   0  -160.000000000  -422.100000000  -280.000000000  0.000000000 -1.000000000  0.000000000   3
<     286   286   0  -200.000000000  -422.100000000   240.000000000  0.000000000 -1.000000000  0.000000000   3
<     285   285   0  -200.000000000  -422.100000000   160.000000000  0.000000000 -1.000000000  0.000000000   3
<     284   284   0  -200.000000000  -422.100000000    80.000000000  0.000000000 -1.000000000  0.000000000   3
<     283   283   0  -200.000000000  -422.100000000     0.000000000  0.000000000 -1.000000000  0.000000000   3
<     282   282   0  -200.000000000  -422.100000000   -80.000000000  0.000000000 -1.000000000  0.000000000   3
<     281   281   0  -200.000000000  -422.100000000  -160.000000000  0.000000000 -1.000000000  0.000000000   3
<     280   280   0  -200.000000000  -422.100000000  -240.000000000  0.000000000 -1.000000000  0.000000000   3
<     279   279   0  -240.000000000  -422.100000000   200.000000000  0.000000000 -1.000000000  0.000000000   3
<     278   278   0  -240.000000000  -422.100000000   120.000000000  0.000000000 -1.000000000  0.000000000   3
<     277   277   0  -240.000000000  -422.100000000    40.000000000  0.000000000 -1.000000000  0.000000000   3
<     276   276   0  -240.000000000  -422.100000000   -40.000000000  0.000000000 -1.000000000  0.000000000   3
<     275   275   0  -240.000000000  -422.100000000  -120.000000000  0.000000000 -1.000000000  0.000000000   3
<     274   274   0  -240.000000000  -422.100000000  -200.000000000  0.000000000 -1.000000000  0.000000000   3
<     273   273   0  -280.000000000  -422.100000000   160.000000000  0.000000000 -1.000000000  0.000000000   3
<     272   272   0  -280.000000000  -422.100000000    80.000000000  0.000000000 -1.000000000  0.000000000   3
<     271   271   0  -280.000000000  -422.100000000     0.000000000  0.000000000 -1.000000000  0.000000000   3
<     270   270   0  -280.000000000  -422.100000000   -80.000000000  0.000000000 -1.000000000  0.000000000   3
<     269   269   0  -280.000000000  -422.100000000  -160.000000000  0.000000000 -1.000000000  0.000000000   3
<     268   268   0  -320.000000000  -422.100000000   120.000000000  0.000000000 -1.000000000  0.000000000   3
<     267   267   0  -320.000000000  -422.100000000    40.000000000  0.000000000 -1.000000000  0.000000000   3
<     266   266   0  -320.000000000  -422.100000000   -40.000000000  0.000000000 -1.000000000  0.000000000   3
<     265   265   0  -320.000000000  -422.100000000  -120.000000000  0.000000000 -1.000000000  0.000000000   3
<     264   264   0   359.517592545  -337.000000000   -96.332448588  0.965925826  0.000000000 -0.258819045   4
<     263   263   0   263.185143958  -337.000000000  -263.185143958  0.707106781  0.000000000 -0.707106781   4
<     262   262   0    96.332448588  -337.000000000  -359.517592545  0.258819045 -0.000000000 -0.965925826   4
<     261   261   0   -96.332448588  -337.000000000  -359.517592545 -0.258819045 -0.000000000 -0.965925826   4
<     260   260   0  -263.185143958  -337.000000000  -263.185143958 -0.707106781 -0.000000000 -0.707106781   4
<     259   259   0  -359.517592545  -337.000000000   -96.332448588 -0.965925826 -0.000000000 -0.258819045   4
<     258   258   0  -359.517592545  -337.000000000    96.332448588 -0.965925826 -0.000000000  0.258819045   4
<     257   257   0  -263.185143958  -337.000000000   263.185143958 -0.707106781 -0.000000000  0.707106781   4
<     256   256   0   -96.332448588  -337.000000000   359.517592545 -0.258819045  0.000000000  0.965925826   4
<     255   255   0    96.332448588  -337.000000000   359.517592545  0.258819045  0.000000000  0.965925826   4
<     254   254   0   263.185143958  -337.000000000   263.185143958  0.707106781  0.000000000  0.707106781   4
<     253   253   0   359.517592545  -337.000000000    96.332448588  0.965925826  0.000000000  0.258819045   4
<     252   252   0   374.654159414  -303.300000000   -39.842011981  0.965925826  0.000000000 -0.258819045   4
<     251   251   0   344.381025676  -303.300000000  -152.822885194  0.965925826  0.000000000 -0.258819045   4
<     250   250   0   304.539013695  -303.300000000  -221.831274220  0.707106781  0.000000000 -0.707106781   4
<     249   249   0   221.831274220  -303.300000000  -304.539013695  0.707106781  0.000000000 -0.707106781   4
<     248   248   0   152.822885194  -303.300000000  -344.381025676  0.258819045 -0.000000000 -0.965925826   4
<     247   247   0    39.842011981  -303.300000000  -374.654159414  0.258819045 -0.000000000 -0.965925826   4
<     246   246   0   -39.842011981  -303.300000000  -374.654159414 -0.258819045 -0.000000000 -0.965925826   4
<     245   245   0  -152.822885194  -303.300000000  -344.381025676 -0.258819045 -0.000000000 -0.965925826   4
<     244   244   0  -221.831274220  -303.300000000  -304.539013695 -0.707106781 -0.000000000 -0.707106781   4
<     243   243   0  -304.539013695  -303.300000000  -221.831274220 -0.707106781 -0.000000000 -0.707106781   4
<     242   242   0  -344.381025676  -303.300000000  -152.822885194 -0.965925826 -0.000000000 -0.258819045   4
<     241   241   0  -374.654159414  -303.300000000   -39.842011981 -0.965925826 -0.000000000 -0.258819045   4
<     240   240   0  -374.654159414  -303.300000000    39.842011981 -0.965925826 -0.000000000  0.258819045   4
<     239   239   0  -344.381025676  -303.300000000   152.822885194 -0.965925826 -0.000000000  0.258819045   4
<     238   238   0  -304.539013695  -303.300000000   221.831274220 -0.707106781 -0.000000000  0.707106781   4
<     237   237   0  -221.831274220  -303.300000000   304.539013695 -0.707106781 -0.000000000  0.707106781   4
<     236   236   0  -152.822885194  -303.300000000   344.381025676 -0.258819045  0.000000000  0.965925826   4
<     235   235   0   -39.842011981  -303.300000000   374.654159414 -0.258819045  0.000000000  0.965925826   4
<     234   234   0    39.842011981  -303.300000000   374.654159414  0.258819045  0.000000000  0.965925826   4
<     233   233   0   152.822885194  -303.300000000   344.381025676  0.258819045  0.000000000  0.965925826   4
<     232   232   0   221.831274220  -303.300000000   304.539013695  0.707106781  0.000000000  0.707106781   4
<     231   231   0   304.539013695  -303.300000000   221.831274220  0.707106781  0.000000000  0.707106781   4
<     230   230   0   344.381025676  -303.300000000   152.822885194  0.965925826  0.000000000  0.258819045   4
<     229   229   0   374.654159414  -303.300000000    39.842011981  0.965925826  0.000000000  0.258819045   4
<     228   228   0   374.654159414  -235.900000000   -39.842011981  0.965925826  0.000000000 -0.258819045   4
<     227   227   0   344.381025676  -235.900000000  -152.822885194  0.965925826  0.000000000 -0.258819045   4
<     226   226   0   304.539013695  -235.900000000  -221.831274220  0.707106781  0.000000000 -0.707106781   4
<     225   225   0   221.831274220  -235.900000000  -304.539013695  0.707106781  0.000000000 -0.707106781   4
<     224   224   0   152.822885194  -235.900000000  -344.381025676  0.258819045 -0.000000000 -0.965925826   4
<     223   223   0    39.842011981  -235.900000000  -374.654159414  0.258819045 -0.000000000 -0.965925826   4
<     222   222   0   -39.842011981  -235.900000000  -374.654159414 -0.258819045 -0.000000000 -0.965925826   4
<     221   221   0  -152.822885194  -235.900000000  -344.381025676 -0.258819045 -0.000000000 -0.965925826   4
<     220   220   0  -221.831274220  -235.900000000  -304.539013695 -0.707106781 -0.000000000 -0.707106781   4
<     219   219   0  -304.539013695  -235.900000000  -221.831274220 -0.707106781 -0.000000000 -0.707106781   4
<     218   218   0  -344.381025676  -235.900000000  -152.822885194 -0.965925826 -0.000000000 -0.258819045   4
<     217   217   0  -374.654159414  -235.900000000   -39.842011981 -0.965925826 -0.000000000 -0.258819045   4
<     216   216   0  -374.654159414  -235.900000000    39.842011981 -0.965925826 -0.000000000  0.258819045   4
<     215   215   0  -344.381025676  -235.900000000   152.822885194 -0.965925826 -0.000000000  0.258819045   4
<     214   214   0  -304.539013695  -235.900000000   221.831274220 -0.707106781 -0.000000000  0.707106781   4
<     213   213   0  -221.831274220  -235.900000000   304.539013695 -0.707106781 -0.000000000  0.707106781   4
<     212   212   0  -152.822885194  -235.900000000   344.381025676 -0.258819045  0.000000000  0.965925826   4
<     211   211   0   -39.842011981  -235.900000000   374.654159414 -0.258819045  0.000000000  0.965925826   4
<     210   210   0    39.842011981  -235.900000000   374.654159414  0.258819045  0.000000000  0.965925826   4
<     209   209   0   152.822885194  -235.900000000   344.381025676  0.258819045  0.000000000  0.965925826   4
<     208   208   0   221.831274220  -235.900000000   304.539013695  0.707106781  0.000000000  0.707106781   4
<     207   207   0   304.539013695  -235.900000000   221.831274220  0.707106781  0.000000000  0.707106781   4
<     206   206   0   344.381025676  -235.900000000   152.822885194  0.965925826  0.000000000  0.258819045   4
<     205   205   0   374.654159414  -235.900000000    39.842011981  0.965925826  0.000000000  0.258819045   4
<     204   204   0   359.517592545  -202.200000000   -96.332448588  0.965925826  0.000000000 -0.258819045   4
<     203   203   0   263.185143958  -202.200000000  -263.185143958  0.707106781  0.000000000 -0.707106781   4
<     202   202   0    96.332448588  -202.200000000  -359.517592545  0.258819045 -0.000000000 -0.965925826   4
<     201   201   0   -96.332448588  -202.200000000  -359.517592545 -0.258819045 -0.000000000 -0.965925826   4
<     200   200   0  -263.185143958  -202.200000000  -263.185143958 -0.707106781 -0.000000000 -0.707106781   4
<     199   199   0  -359.517592545  -202.200000000   -96.332448588 -0.965925826 -0.000000000 -0.258819045   4
<     198   198   0  -359.517592545  -202.200000000    96.332448588 -0.965925826 -0.000000000  0.258819045   4
<     197   197   0  -263.185143958  -202.200000000   263.185143958 -0.707106781 -0.000000000  0.707106781   4
<     196   196   0   -96.332448588  -202.200000000   359.517592545 -0.258819045  0.000000000  0.965925826   4
<     195   195   0    96.332448588  -202.200000000   359.517592545  0.258819045  0.000000000  0.965925826   4
<     194   194   0   263.185143958  -202.200000000   263.185143958  0.707106781  0.000000000  0.707106781   4
<     193   193   0   359.517592545  -202.200000000    96.332448588  0.965925826  0.000000000  0.258819045   4
<     192   192   0   359.517592545  -134.800000000   -96.332448588  0.965925826  0.000000000 -0.258819045   4
<     191   191   0   263.185143958  -134.800000000  -263.185143958  0.707106781  0.000000000 -0.707106781   4
<     190   190   0    96.332448588  -134.800000000  -359.517592545  0.258819045 -0.000000000 -0.965925826   4
<     189   189   0   -96.332448588  -134.800000000  -359.517592545 -0.258819045 -0.000000000 -0.965925826   4
<     188   188   0  -263.185143958  -134.800000000  -263.185143958 -0.707106781 -0.000000000 -0.707106781   4
<     187   187   0  -359.517592545  -134.800000000   -96.332448588 -0.965925826 -0.000000000 -0.258819045   4
<     186   186   0  -359.517592545  -134.800000000    96.332448588 -0.965925826 -0.000000000  0.258819045   4
<     185   185   0  -263.185143958  -134.800000000   263.185143958 -0.707106781 -0.000000000  0.707106781   4
<     184   184   0   -96.332448588  -134.800000000   359.517592545 -0.258819045  0.000000000  0.965925826   4
<     183   183   0    96.332448588  -134.800000000   359.517592545  0.258819045  0.000000000  0.965925826   4
<     182   182   0   263.185143958  -134.800000000   263.185143958  0.707106781  0.000000000  0.707106781   4
<     181   181   0   359.517592545  -134.800000000    96.332448588  0.965925826  0.000000000  0.258819045   4
<     180   180   0   374.654159414  -101.100000000   -39.842011981  0.965925826  0.000000000 -0.258819045   4
<     179   179   0   344.381025676  -101.100000000  -152.822885194  0.965925826  0.000000000 -0.258819045   4
<     178   178   0   304.539013695  -101.100000000  -221.831274220  0.707106781  0.000000000 -0.707106781   4
<     177   177   0   221.831274220  -101.100000000  -304.539013695  0.707106781  0.000000000 -0.707106781   4
<     176   176   0   152.822885194  -101.100000000  -344.381025676  0.258819045 -0.000000000 -0.965925826   4
<     175   175   0    39.842011981  -101.100000000  -374.654159414  0.258819045 -0.000000000 -0.965925826   4
<     174   174   0   -39.842011981  -101.100000000  -374.654159414 -0.258819045 -0.000000000 -0.965925826   4
<     173   173   0  -152.822885194  -101.100000000  -344.381025676 -0.258819045 -0.000000000 -0.965925826   4
<     172   172   0  -221.831274220  -101.100000000  -304.539013695 -0.707106781 -0.000000000 -0.707106781   4
<     171   171   0  -304.539013695  -101.100000000  -221.831274220 -0.707106781 -0.000000000 -0.707106781   4
<     170   170   0  -344.381025676  -101.100000000  -152.822885194 -0.965925826 -0.000000000 -0.258819045   4
<     169   169   0  -374.654159414  -101.100000000   -39.842011981 -0.965925826 -0.000000000 -0.258819045   4
<     168   168   0  -374.654159414  -101.100000000    39.842011981 -0.965925826 -0.000000000  0.258819045   4
<     167   167   0  -344.381025676  -101.100000000   152.822885194 -0.965925826 -0.000000000  0.258819045   4
<     166   166   0  -304.539013695  -101.100000000   221.831274220 -0.707106781 -0.000000000  0.707106781   4
<     165   165   0  -221.831274220  -101.100000000   304.539013695 -0.707106781 -0.000000000  0.707106781   4
<     164   164   0  -152.822885194  -101.100000000   344.381025676 -0.258819045  0.000000000  0.965925826   4
<     163   163   0   -39.842011981  -101.100000000   374.654159414 -0.258819045  0.000000000  0.965925826   4
<     162   162   0    39.842011981  -101.100000000   374.654159414  0.258819045  0.000000000  0.965925826   4
<     161   161   0   152.822885194  -101.100000000   344.381025676  0.258819045  0.000000000  0.965925826   4
<     160   160   0   221.831274220  -101.100000000   304.539013695  0.707106781  0.000000000  0.707106781   4
<     159   159   0   304.539013695  -101.100000000   221.831274220  0.707106781  0.000000000  0.707106781   4
<     158   158   0   344.381025676  -101.100000000   152.822885194  0.965925826  0.000000000  0.258819045   4
<     157   157   0   374.654159414  -101.100000000    39.842011981  0.965925826  0.000000000  0.258819045   4
<     156   156   0   374.654159414   -33.700000000   -39.842011981  0.965925826  0.000000000 -0.258819045   4
<     155   155   0   344.381025676   -33.700000000  -152.822885194  0.965925826  0.000000000 -0.258819045   4
<     154   154   0   304.539013695   -33.700000000  -221.831274220  0.707106781  0.000000000 -0.707106781   4
<     153   153   0   221.831274220   -33.700000000  -304.539013695  0.707106781  0.000000000 -0.707106781   4
<     152   152   0   152.822885194   -33.700000000  -344.381025676  0.258819045 -0.000000000 -0.965925826   4
<     151   151   0    39.842011981   -33.700000000  -374.654159414  0.258819045 -0.000000000 -0.965925826   4
<     150   150   0   -39.842011981   -33.700000000  -374.654159414 -0.258819045 -0.000000000 -0.965925826   4
<     149   149   0  -152.822885194   -33.700000000  -344.381025676 -0.258819045 -0.000000000 -0.965925826   4
<     148   148   0  -221.831274220   -33.700000000  -304.539013695 -0.707106781 -0.000000000 -0.707106781   4
<     147   147   0  -304.539013695   -33.700000000  -221.831274220 -0.707106781 -0.000000000 -0.707106781   4
<     146   146   0  -344.381025676   -33.700000000  -152.822885194 -0.965925826 -0.000000000 -0.258819045   4
<     145   145   0  -374.654159414   -33.700000000   -39.842011981 -0.965925826 -0.000000000 -0.258819045   4
<     144   144   0  -374.654159414   -33.700000000    39.842011981 -0.965925826 -0.000000000  0.258819045   4
<     143   143   0  -344.381025676   -33.700000000   152.822885194 -0.965925826 -0.000000000  0.258819045   4
<     142   142   0  -304.539013695   -33.700000000   221.831274220 -0.707106781 -0.000000000  0.707106781   4
<     141   141   0  -221.831274220   -33.700000000   304.539013695 -0.707106781 -0.000000000  0.707106781   4
<     140   140   0  -152.822885194   -33.700000000   344.381025676 -0.258819045  0.000000000  0.965925826   4
<     139   139   0   -39.842011981   -33.700000000   374.654159414 -0.258819045  0.000000000  0.965925826   4
<     138   138   0    39.842011981   -33.700000000   374.654159414  0.258819045  0.000000000  0.965925826   4
<     137   137   0   152.822885194   -33.700000000   344.381025676  0.258819045  0.000000000  0.965925826   4
<     136   136   0   221.831274220   -33.700000000   304.539013695  0.707106781  0.000000000  0.707106781   4
<     135   135   0   304.539013695   -33.700000000   221.831274220  0.707106781  0.000000000  0.707106781   4
<     134   134   0   344.381025676   -33.700000000   152.822885194  0.965925826  0.000000000  0.258819045   4
<     133   133   0   374.654159414   -33.700000000    39.842011981  0.965925826  0.000000000  0.258819045   4
<     132   132   0   359.517592545    -0.000000000   -96.332448588  0.965925826  0.000000000 -0.258819045   4
<     131   131   0   263.185143958    -0.000000000  -263.185143958  0.707106781  0.000000000 -0.707106781   4
<     130   130   0    96.332448588    -0.000000000  -359.517592545  0.258819045 -0.000000000 -0.965925826   4
<     129   129   0   -96.332448588    -0.000000000  -359.517592545 -0.258819045 -0.000000000 -0.965925826   4
<     128   128   0  -263.185143958    -0.000000000  -263.185143958 -0.707106781 -0.000000000 -0.707106781   4
<     127   127   0  -359.517592545    -0.000000000   -96.332448588 -0.965925826 -0.000000000 -0.258819045   4
<     126   126   0  -359.517592545     0.000000000    96.332448588 -0.965925826 -0.000000000  0.258819045   4
<     125   125   0  -263.185143958     0.000000000   263.185143958 -0.707106781 -0.000000000  0.707106781   4
<     124   124   0   -96.332448588     0.000000000   359.517592545 -0.258819045  0.000000000  0.965925826   4
<     123   123   0    96.332448588     0.000000000   359.517592545  0.258819045  0.000000000  0.965925826   4
<     122   122   0   263.185143958     0.000000000   263.185143958  0.707106781  0.000000000  0.707106781   4
<     121   121   0   359.517592545     0.000000000    96.332448588  0.965925826  0.000000000  0.258819045   4
<     120   120   0   359.517592545    67.400000000   -96.332448588  0.965925826  0.000000000 -0.258819045   4
<     119   119   0   263.185143958    67.400000000  -263.185143958  0.707106781  0.000000000 -0.707106781   4
<     118   118   0    96.332448588    67.400000000  -359.517592545  0.258819045 -0.000000000 -0.965925826   4
<     117   117   0   -96.332448588    67.400000000  -359.517592545 -0.258819045 -0.000000000 -0.965925826   4
<     116   116   0  -263.185143958    67.400000000  -263.185143958 -0.707106781 -0.000000000 -0.707106781   4
<     115   115   0  -359.517592545    67.400000000   -96.332448588 -0.965925826 -0.000000000 -0.258819045   4
<     114   114   0  -359.517592545    67.400000000    96.332448588 -0.965925826 -0.000000000  0.258819045   4
<     113   113   0  -263.185143958    67.400000000   263.185143958 -0.707106781 -0.000000000  0.707106781   4
<     112   112   0   -96.332448588    67.400000000   359.517592545 -0.258819045  0.000000000  0.965925826   4
<     111   111   0    96.332448588    67.400000000   359.517592545  0.258819045  0.000000000  0.965925826   4
<     110   110   0   263.185143958    67.400000000   263.185143958  0.707106781  0.000000000  0.707106781   4
<     109   109   0   359.517592545    67.400000000    96.332448588  0.965925826  0.000000000  0.258819045   4
<     108   108   0   374.654159414   101.100000000   -39.842011981  0.965925826  0.000000000 -0.258819045   4
<     107   107   0   344.381025676   101.100000000  -152.822885194  0.965925826  0.000000000 -0.258819045   4
<     106   106   0   304.539013695   101.100000000  -221.831274220  0.707106781  0.000000000 -0.707106781   4
<     105   105   0   221.831274220   101.100000000  -304.539013695  0.707106781  0.000000000 -0.707106781   4
<     104   104   0   152.822885194   101.100000000  -344.381025676  0.258819045 -0.000000000 -0.965925826   4
<     103   103   0    39.842011981   101.100000000  -374.654159414  0.258819045 -0.000000000 -0.965925826   4
<     102   102   0   -39.842011981   101.100000000  -374.654159414 -0.258819045 -0.000000000 -0.965925826   4
<     101   101   0  -152.822885194   101.100000000  -344.381025676 -0.258819045 -0.000000000 -0.965925826   4
<     100   100   0  -221.831274220   101.100000000  -304.539013695 -0.707106781 -0.000000000 -0.707106781   4
<      99    99   0  -304.539013695   101.100000000  -221.831274220 -0.707106781 -0.000000000 -0.707106781   4
<      98    98   0  -344.381025676   101.100000000  -152.822885194 -0.965925826 -0.000000000 -0.258819045   4
<      97    97   0  -374.654159414   101.100000000   -39.842011981 -0.965925826 -0.000000000 -0.258819045   4
<      96    96   0  -374.654159414   101.100000000    39.842011981 -0.965925826 -0.000000000  0.258819045   4
<      95    95   0  -344.381025676   101.100000000   152.822885194 -0.965925826 -0.000000000  0.258819045   4
<      94    94   0  -304.539013695   101.100000000   221.831274220 -0.707106781 -0.000000000  0.707106781   4
<      93    93   0  -221.831274220   101.100000000   304.539013695 -0.707106781 -0.000000000  0.707106781   4
<      92    92   0  -152.822885194   101.100000000   344.381025676 -0.258819045  0.000000000  0.965925826   4
<      91    91   0   -39.842011981   101.100000000   374.654159414 -0.258819045  0.000000000  0.965925826   4
<      90    90   0    39.842011981   101.100000000   374.654159414  0.258819045  0.000000000  0.965925826   4
<      89    89   0   152.822885194   101.100000000   344.381025676  0.258819045  0.000000000  0.965925826   4
<      88    88   0   221.831274220   101.100000000   304.539013695  0.707106781  0.000000000  0.707106781   4
<      87    87   0   304.539013695   101.100000000   221.831274220  0.707106781  0.000000000  0.707106781   4
<      86    86   0   344.381025676   101.100000000   152.822885194  0.965925826  0.000000000  0.258819045   4
<      85    85   0   374.654159414   101.100000000    39.842011981  0.965925826  0.000000000  0.258819045   4
<      84    84   0   374.654159414   168.500000000   -39.842011981  0.965925826  0.000000000 -0.258819045   4
<      83    83   0   344.381025676   168.500000000  -152.822885194  0.965925826  0.000000000 -0.258819045   4
<      82    82   0   304.539013695   168.500000000  -221.831274220  0.707106781  0.000000000 -0.707106781   4
<      81    81   0   221.831274220   168.500000000  -304.539013695  0.707106781  0.000000000 -0.707106781   4
<      80    80   0   152.822885194   168.500000000  -344.381025676  0.258819045 -0.000000000 -0.965925826   4
<      79    79   0    39.842011981   168.500000000  -374.654159414  0.258819045 -0.000000000 -0.965925826   4
<      78    78   0   -39.842011981   168.500000000  -374.654159414 -0.258819045 -0.000000000 -0.965925826   4
<      77    77   0  -152.822885194   168.500000000  -344.381025676 -0.258819045 -0.000000000 -0.965925826   4
<      76    76   0  -221.831274220   168.500000000  -304.539013695 -0.707106781 -0.000000000 -0.707106781   4
<      75    75   0  -304.539013695   168.500000000  -221.831274220 -0.707106781 -0.000000000 -0.707106781   4
<      74    74   0  -344.381025676   168.500000000  -152.822885194 -0.965925826 -0.000000000 -0.258819045   4
<      73    73   0  -374.654159414   168.500000000   -39.842011981 -0.965925826 -0.000000000 -0.258819045   4
<      72    72   0  -374.654159414   168.500000000    39.842011981 -0.965925826 -0.000000000  0.258819045   4
<      71    71   0  -344.381025676   168.500000000   152.822885194 -0.965925826 -0.000000000  0.258819045   4
<      70    70   0  -304.539013695   168.500000000   221.831274220 -0.707106781 -0.000000000  0.707106781   4
<      69    69   0  -221.831274220   168.500000000   304.539013695 -0.707106781 -0.000000000  0.707106781   4
<      68    68   0  -152.822885194   168.500000000   344.381025676 -0.258819045  0.000000000  0.965925826   4
<      67    67   0   -39.842011981   168.500000000   374.654159414 -0.258819045  0.000000000  0.965925826   4
<      66    66   0    39.842011981   168.500000000   374.654159414  0.258819045  0.000000000  0.965925826   4
<      65    65   0   152.822885194   168.500000000   344.381025676  0.258819045  0.000000000  0.965925826   4
<      64    64   0   221.831274220   168.500000000   304.539013695  0.707106781  0.000000000  0.707106781   4
<      63    63   0   304.539013695   168.500000000   221.831274220  0.707106781  0.000000000  0.707106781   4
<      62    62   0   344.381025676   168.500000000   152.822885194  0.965925826  0.000000000  0.258819045   4
<      61    61   0   374.654159414   168.500000000    39.842011981  0.965925826  0.000000000  0.258819045   4
<      60    60   0   359.517592545   202.200000000   -96.332448588  0.965925826  0.000000000 -0.258819045   4
<      59    59   0   263.185143958   202.200000000  -263.185143958  0.707106781  0.000000000 -0.707106781   4
<      58    58   0    96.332448588   202.200000000  -359.517592545  0.258819045 -0.000000000 -0.965925826   4
<      57    57   0   -96.332448588   202.200000000  -359.517592545 -0.258819045 -0.000000000 -0.965925826   4
<      56    56   0  -263.185143958   202.200000000  -263.185143958 -0.707106781 -0.000000000 -0.707106781   4
<      55    55   0  -359.517592545   202.200000000   -96.332448588 -0.965925826 -0.000000000 -0.258819045   4
<      54    54   0  -359.517592545   202.200000000    96.332448588 -0.965925826 -0.000000000  0.258819045   4
<      53    53   0  -263.185143958   202.200000000   263.185143958 -0.707106781 -0.000000000  0.707106781   4
<      52    52   0   -96.332448588   202.200000000   359.517592545 -0.258819045  0.000000000  0.965925826   4
<      51    51   0    96.332448588   202.200000000   359.517592545  0.258819045  0.000000000  0.965925826   4
<      50    50   0   263.185143958   202.200000000   263.185143958  0.707106781  0.000000000  0.707106781   4
<      49    49   0   359.517592545   202.200000000    96.332448588  0.965925826  0.000000000  0.258819045   4
<      48    48   0   359.517592545   269.600000000   -96.332448588  0.965925826  0.000000000 -0.258819045   4
<      47    47   0   263.185143958   269.600000000  -263.185143958  0.707106781  0.000000000 -0.707106781   4
<      46    46   0    96.332448588   269.600000000  -359.517592545  0.258819045 -0.000000000 -0.965925826   4
<      45    45   0   -96.332448588   269.600000000  -359.517592545 -0.258819045 -0.000000000 -0.965925826   4
<      44    44   0  -263.185143958   269.600000000  -263.185143958 -0.707106781 -0.000000000 -0.707106781   4
<      43    43   0  -359.517592545   269.600000000   -96.332448588 -0.965925826 -0.000000000 -0.258819045   4
<      42    42   0  -359.517592545   269.600000000    96.332448588 -0.965925826 -0.000000000  0.258819045   4
<      41    41   0  -263.185143958   269.600000000   263.185143958 -0.707106781 -0.000000000  0.707106781   4
<      40    40   0   -96.332448588   269.600000000   359.517592545 -0.258819045  0.000000000  0.965925826   4
<      39    39   0    96.332448588   269.600000000   359.517592545  0.258819045  0.000000000  0.965925826   4
<      38    38   0   263.185143958   269.600000000   263.185143958  0.707106781  0.000000000  0.707106781   4
<      37    37   0   359.517592545   269.600000000    96.332448588  0.965925826  0.000000000  0.258819045   4
<      36    36   0   374.654159414   303.300000000   -39.842011981  0.965925826  0.000000000 -0.258819045   4
<      35    35   0   344.381025676   303.300000000  -152.822885194  0.965925826  0.000000000 -0.258819045   4
<      34    34   0   304.539013695   303.300000000  -221.831274220  0.707106781  0.000000000 -0.707106781   4
<      33    33   0   221.831274220   303.300000000  -304.539013695  0.707106781  0.000000000 -0.707106781   4
<      32    32   0   152.822885194   303.300000000  -344.381025676  0.258819045 -0.000000000 -0.965925826   4
<      31    31   0    39.842011981   303.300000000  -374.654159414  0.258819045 -0.000000000 -0.965925826   4
<      30    30   0   -39.842011981   303.300000000  -374.654159414 -0.258819045 -0.000000000 -0.965925826   4
<      29    29   0  -152.822885194   303.300000000  -344.381025676 -0.258819045 -0.000000000 -0.965925826   4
<      28    28   0  -221.831274220   303.300000000  -304.539013695 -0.707106781 -0.000000000 -0.707106781   4
<      27    27   0  -304.539013695   303.300000000  -221.831274220 -0.707106781 -0.000000000 -0.707106781   4
<      26    26   0  -344.381025676   303.300000000  -152.822885194 -0.965925826 -0.000000000 -0.258819045   4
<      25    25   0  -374.654159414   303.300000000   -39.842011981 -0.965925826 -0.000000000 -0.258819045   4
<      24    24   0  -374.654159414   303.300000000    39.842011981 -0.965925826 -0.000000000  0.258819045   4
<      23    23   0  -344.381025676   303.300000000   152.822885194 -0.965925826 -0.000000000  0.258819045   4
<      22    22   0  -304.539013695   303.300000000   221.831274220 -0.707106781 -0.000000000  0.707106781   4
<      21    21   0  -221.831274220   303.300000000   304.539013695 -0.707106781 -0.000000000  0.707106781   4
<      20    20   0  -152.822885194   303.300000000   344.381025676 -0.258819045  0.000000000  0.965925826   4
<      19    19   0   -39.842011981   303.300000000   374.654159414 -0.258819045  0.000000000  0.965925826   4
<      18    18   0    39.842011981   303.300000000   374.654159414  0.258819045  0.000000000  0.965925826   4
<      17    17   0   152.822885194   303.300000000   344.381025676  0.258819045  0.000000000  0.965925826   4
<      16    16   0   221.831274220   303.300000000   304.539013695  0.707106781  0.000000000  0.707106781   4
<      15    15   0   304.539013695   303.300000000   221.831274220  0.707106781  0.000000000  0.707106781   4
<      14    14   0   344.381025676   303.300000000   152.822885194  0.965925826  0.000000000  0.258819045   4
<      13    13   0   374.654159414   303.300000000    39.842011981  0.965925826  0.000000000  0.258819045   4
<      12    12   0   359.517592545   337.000000000   -96.332448588  0.965925826  0.000000000 -0.258819045   4
<      11    11   0   263.185143958   337.000000000  -263.185143958  0.707106781  0.000000000 -0.707106781   4
<      10    10   0    96.332448588   337.000000000  -359.517592545  0.258819045 -0.000000000 -0.965925826   4
<       9     9   0   -96.332448588   337.000000000  -359.517592545 -0.258819045 -0.000000000 -0.965925826   4
<       8     8   0  -263.185143958   337.000000000  -263.185143958 -0.707106781 -0.000000000 -0.707106781   4
<       7     7   0  -359.517592545   337.000000000   -96.332448588 -0.965925826 -0.000000000 -0.258819045   4
<       6     6   0  -359.517592545   337.000000000    96.332448588 -0.965925826 -0.000000000  0.258819045   4
<       5     5   0  -263.185143958   337.000000000   263.185143958 -0.707106781 -0.000000000  0.707106781   4
<       4     4   0   -96.332448588   337.000000000   359.517592545 -0.258819045  0.000000000  0.965925826   4
<       3     3   0    96.332448588   337.000000000   359.517592545  0.258819045  0.000000000  0.965925826   4
<       2     2   0   263.185143958   337.000000000   263.185143958  0.707106781  0.000000000  0.707106781   4
<       1     1   0   359.517592545   337.000000000    96.332448588  0.965925826  0.000000000  0.258819045   4
---
>     504   504   0   320.000000000   417.100000000   120.000000000 -0.000000000  1.000000000 -0.000000000   5
>     503   503   0   320.000000000   417.100000000    40.000000000 -0.000000000  1.000000000 -0.000000000   5
>     502   502   0   320.000000000   417.100000000   -40.000000000 -0.000000000  1.000000000 -0.000000000   5
>     501   501   0   320.000000000   417.100000000  -120.000000000 -0.000000000  1.000000000 -0.000000000   5
>     500   500   0   280.000000000   417.100000000   160.000000000 -0.000000000  1.000000000 -0.000000000   5
>     499   499   0   280.000000000   417.100000000    80.000000000 -0.000000000  1.000000000 -0.000000000   5
>     498   498   0   280.000000000   417.100000000    -0.000000000 -0.000000000  1.000000000 -0.000000000   5
>     497   497   0   280.000000000   417.100000000   -80.000000000 -0.000000000  1.000000000 -0.000000000   5
>     496   496   0   280.000000000   417.100000000  -160.000000000 -0.000000000  1.000000000 -0.000000000   5
>     495   495   0   240.000000000   417.100000000   200.000000000 -0.000000000  1.000000000 -0.000000000   5
>     494   494   0   240.000000000   417.100000000   120.000000000 -0.000000000  1.000000000 -0.000000000   5
>     493   493   0   240.000000000   417.100000000    40.000000000 -0.000000000  1.000000000 -0.000000000   5
>     492   492   0   240.000000000   417.100000000   -40.000000000 -0.000000000  1.000000000 -0.000000000   5
>     491   491   0   240.000000000   417.100000000  -120.000000000 -0.000000000  1.000000000 -0.000000000   5
>     490   490   0   240.000000000   417.100000000  -200.000000000 -0.000000000  1.000000000 -0.000000000   5
>     489   489   0   200.000000000   417.100000000   240.000000000 -0.000000000  1.000000000 -0.000000000   5
>     488   488   0   200.000000000   417.100000000   160.000000000 -0.000000000  1.000000000 -0.000000000   5
>     487   487   0   200.000000000   417.100000000    80.000000000 -0.000000000  1.000000000 -0.000000000   5
>     486   486   0   200.000000000   417.100000000    -0.000000000 -0.000000000  1.000000000 -0.000000000   5
>     485   485   0   200.000000000   417.100000000   -80.000000000 -0.000000000  1.000000000 -0.000000000   5
>     484   484   0   200.000000000   417.100000000  -160.000000000 -0.000000000  1.000000000 -0.000000000   5
>     483   483   0   200.000000000   417.100000000  -240.000000000 -0.000000000  1.000000000 -0.000000000   5
>     482   482   0   160.000000000   417.100000000   280.000000000 -0.000000000  1.000000000 -0.000000000   5
>     481   481   0   160.000000000   417.100000000   200.000000000 -0.000000000  1.000000000 -0.000000000   5
>     480   480   0   160.000000000   417.100000000   120.000000000 -0.000000000  1.000000000 -0.000000000   5
>     479   479   0   160.000000000   417.100000000    40.000000000 -0.000000000  1.000000000 -0.000000000   5
>     478   478   0   160.000000000   417.100000000   -40.000000000 -0.000000000  1.000000000 -0.000000000   5
>     477   477   0   160.000000000   417.100000000  -120.000000000 -0.000000000  1.000000000 -0.000000000   5
>     476   476   0   160.000000000   417.100000000  -200.000000000 -0.000000000  1.000000000 -0.000000000   5
>     475   475   0   160.000000000   417.100000000  -280.000000000 -0.000000000  1.000000000 -0.000000000   5
>     474   474   0   120.000000000   417.100000000   320.000000000 -0.000000000  1.000000000 -0.000000000   5
>     473   473   0   120.000000000   417.100000000   240.000000000 -0.000000000  1.000000000 -0.000000000   5
>     472   472   0   120.000000000   417.100000000   160.000000000 -0.000000000  1.000000000 -0.000000000   5
>     471   471   0   120.000000000   417.100000000    80.000000000 -0.000000000  1.000000000 -0.000000000   5
>     470   470   0   120.000000000   417.100000000    -0.000000000 -0.000000000  1.000000000 -0.000000000   5
>     469   469   0   120.000000000   417.100000000   -80.000000000 -0.000000000  1.000000000 -0.000000000   5
>     468   468   0   120.000000000   417.100000000  -160.000000000 -0.000000000  1.000000000 -0.000000000   5
>     467   467   0   120.000000000   417.100000000  -240.000000000 -0.000000000  1.000000000 -0.000000000   5
>     466   466   0   120.000000000   417.100000000  -320.000000000 -0.000000000  1.000000000 -0.000000000   5
>     465   465   0    80.000000000   417.100000000   280.000000000 -0.000000000  1.000000000 -0.000000000   5
>     464   464   0    80.000000000   417.100000000   200.000000000 -0.000000000  1.000000000 -0.000000000   5
>     463   463   0    80.000000000   417.100000000   120.000000000 -0.000000000  1.000000000 -0.000000000   5
>     462   462   0    80.000000000   417.100000000    40.000000000 -0.000000000  1.000000000 -0.000000000   5
>     461   461   0    80.000000000   417.100000000   -40.000000000 -0.000000000  1.000000000 -0.000000000   5
>     460   460   0    80.000000000   417.100000000  -120.000000000 -0.000000000  1.000000000 -0.000000000   5
>     459   459   0    80.000000000   417.100000000  -200.000000000 -0.000000000  1.000000000 -0.000000000   5
>     458   458   0    80.000000000   417.100000000  -280.000000000 -0.000000000  1.000000000 -0.000000000   5
>     457   457   0    40.000000000   417.100000000   320.000000000 -0.000000000  1.000000000 -0.000000000   5
>     456   456   0    40.000000000   417.100000000   240.000000000 -0.000000000  1.000000000 -0.000000000   5
>     455   455   0    40.000000000   417.100000000   160.000000000 -0.000000000  1.000000000 -0.000000000   5
>     454   454   0    40.000000000   417.100000000    80.000000000 -0.000000000  1.000000000 -0.000000000   5
>     453   453   0    40.000000000   417.100000000    -0.000000000 -0.000000000  1.000000000 -0.000000000   5
>     452   452   0    40.000000000   417.100000000   -80.000000000 -0.000000000  1.000000000 -0.000000000   5
>     451   451   0    40.000000000   417.100000000  -160.000000000 -0.000000000  1.000000000 -0.000000000   5
>     450   450   0    40.000000000   417.100000000  -240.000000000 -0.000000000  1.000000000 -0.000000000   5
>     449   449   0    40.000000000   417.100000000  -320.000000000 -0.000000000  1.000000000 -0.000000000   5
>     448   448   0     0.000000000   417.100000000   280.000000000 -0.000000000  1.000000000 -0.000000000   5
>     447   447   0     0.000000000   417.100000000   200.000000000 -0.000000000  1.000000000 -0.000000000   5
>     446   446   0     0.000000000   417.100000000   120.000000000 -0.000000000  1.000000000 -0.000000000   5
>     445   445   0     0.000000000   417.100000000    40.000000000 -0.000000000  1.000000000 -0.000000000   5
>     444   444   0     0.000000000   417.100000000   -40.000000000 -0.000000000  1.000000000 -0.000000000   5
>     443   443   0     0.000000000   417.100000000  -120.000000000 -0.000000000  1.000000000 -0.000000000   5
>     442   442   0     0.000000000   417.100000000  -200.000000000 -0.000000000  1.000000000 -0.000000000   5
>     441   441   0     0.000000000   417.100000000  -280.000000000 -0.000000000  1.000000000 -0.000000000   5
>     440   440   0   -40.000000000   417.100000000   320.000000000 -0.000000000  1.000000000 -0.000000000   5
>     439   439   0   -40.000000000   417.100000000   240.000000000 -0.000000000  1.000000000 -0.000000000   5
>     438   438   0   -40.000000000   417.100000000   160.000000000 -0.000000000  1.000000000 -0.000000000   5
>     437   437   0   -40.000000000   417.100000000    80.000000000 -0.000000000  1.000000000 -0.000000000   5
>     436   436   0   -40.000000000   417.100000000    -0.000000000 -0.000000000  1.000000000 -0.000000000   5
>     435   435   0   -40.000000000   417.100000000   -80.000000000 -0.000000000  1.000000000 -0.000000000   5
>     434   434   0   -40.000000000   417.100000000  -160.000000000 -0.000000000  1.000000000 -0.000000000   5
>     433   433   0   -40.000000000   417.100000000  -240.000000000 -0.000000000  1.000000000 -0.000000000   5
>     432   432   0   -40.000000000   417.100000000  -320.000000000 -0.000000000  1.000000000 -0.000000000   5
>     431   431   0   -80.000000000   417.100000000   280.000000000 -0.000000000  1.000000000 -0.000000000   5
>     430   430   0   -80.000000000   417.100000000   200.000000000 -0.000000000  1.000000000 -0.000000000   5
>     429   429   0   -80.000000000   417.100000000   120.000000000 -0.000000000  1.000000000 -0.000000000   5
>     428   428   0   -80.000000000   417.100000000    40.000000000 -0.000000000  1.000000000 -0.000000000   5
>     427   427   0   -80.000000000   417.100000000   -40.000000000 -0.000000000  1.000000000 -0.000000000   5
>     426   426   0   -80.000000000   417.100000000  -120.000000000 -0.000000000  1.000000000 -0.000000000   5
>     425   425   0   -80.000000000   417.100000000  -200.000000000 -0.000000000  1.000000000 -0.000000000   5
>     424   424   0   -80.000000000   417.100000000  -280.000000000 -0.000000000  1.000000000 -0.000000000   5
>     423   423   0  -120.000000000   417.100000000   320.000000000 -0.000000000  1.000000000 -0.000000000   5
>     422   422   0  -120.000000000   417.100000000   240.000000000 -0.000000000  1.000000000 -0.000000000   5
>     421   421   0  -120.000000000   417.100000000   160.000000000 -0.000000000  1.000000000 -0.000000000   5
>     420   420   0  -120.000000000   417.100000000    80.000000000 -0.000000000  1.000000000 -0.000000000   5
>     419   419   0  -120.000000000   417.100000000    -0.000000000 -0.000000000  1.000000000 -0.000000000   5
>     418   418   0  -120.000000000   417.100000000   -80.000000000 -0.000000000  1.000000000 -0.000000000   5
>     417   417   0  -120.000000000   417.100000000  -160.000000000 -0.000000000  1.000000000 -0.000000000   5
>     416   416   0  -120.000000000   417.100000000  -240.000000000 -0.000000000  1.000000000 -0.000000000   5
>     415   415   0  -120.000000000   417.100000000  -320.000000000 -0.000000000  1.000000000 -0.000000000   5
>     414   414   0  -160.000000000   417.100000000   280.000000000 -0.000000000  1.000000000 -0.000000000   5
>     413   413   0  -160.000000000   417.100000000   200.000000000 -0.000000000  1.000000000 -0.000000000   5
>     412   412   0  -160.000000000   417.100000000   120.000000000 -0.000000000  1.000000000 -0.000000000   5
>     411   411   0  -160.000000000   417.100000000    40.000000000 -0.000000000  1.000000000 -0.000000000   5
>     410   410   0  -160.000000000   417.100000000   -40.000000000 -0.000000000  1.000000000 -0.000000000   5
>     409   409   0  -160.000000000   417.100000000  -120.000000000 -0.000000000  1.000000000 -0.000000000   5
>     408   408   0  -160.000000000   417.100000000  -200.000000000 -0.000000000  1.000000000 -0.000000000   5
>     407   407   0  -160.000000000   417.100000000  -280.000000000 -0.000000000  1.000000000 -0.000000000   5
>     406   406   0  -200.000000000   417.100000000   240.000000000 -0.000000000  1.000000000 -0.000000000   5
>     405   405   0  -200.000000000   417.100000000   160.000000000 -0.000000000  1.000000000 -0.000000000   5
>     404   404   0  -200.000000000   417.100000000    80.000000000 -0.000000000  1.000000000 -0.000000000   5
>     403   403   0  -200.000000000   417.100000000    -0.000000000 -0.000000000  1.000000000 -0.000000000   5
>     402   402   0  -200.000000000   417.100000000   -80.000000000 -0.000000000  1.000000000 -0.000000000   5
>     401   401   0  -200.000000000   417.100000000  -160.000000000 -0.000000000  1.000000000 -0.000000000   5
>     400   400   0  -200.000000000   417.100000000  -240.000000000 -0.000000000  1.000000000 -0.000000000   5
>     399   399   0  -240.000000000   417.100000000   200.000000000 -0.000000000  1.000000000 -0.000000000   5
>     398   398   0  -240.000000000   417.100000000   120.000000000 -0.000000000  1.000000000 -0.000000000   5
>     397   397   0  -240.000000000   417.100000000    40.000000000 -0.000000000  1.000000000 -0.000000000   5
>     396   396   0  -240.000000000   417.100000000   -40.000000000 -0.000000000  1.000000000 -0.000000000   5
>     395   395   0  -240.000000000   417.100000000  -120.000000000 -0.000000000  1.000000000 -0.000000000   5
>     394   394   0  -240.000000000   417.100000000  -200.000000000 -0.000000000  1.000000000 -0.000000000   5
>     393   393   0  -280.000000000   417.100000000   160.000000000 -0.000000000  1.000000000 -0.000000000   5
>     392   392   0  -280.000000000   417.100000000    80.000000000 -0.000000000  1.000000000 -0.000000000   5
>     391   391   0  -280.000000000   417.100000000    -0.000000000 -0.000000000  1.000000000 -0.000000000   5
>     390   390   0  -280.000000000   417.100000000   -80.000000000 -0.000000000  1.000000000 -0.000000000   5
>     389   389   0  -280.000000000   417.100000000  -160.000000000 -0.000000000  1.000000000 -0.000000000   5
>     388   388   0  -320.000000000   417.100000000   120.000000000 -0.000000000  1.000000000 -0.000000000   5
>     387   387   0  -320.000000000   417.100000000    40.000000000 -0.000000000  1.000000000 -0.000000000   5
>     386   386   0  -320.000000000   417.100000000   -40.000000000 -0.000000000  1.000000000 -0.000000000   5
>     385   385   0  -320.000000000   417.100000000  -120.000000000 -0.000000000  1.000000000 -0.000000000   5
>     384   384   0   320.000000000  -417.100000000   120.000000000  0.000000000 -1.000000000  0.000000000   3
>     383   383   0   320.000000000  -417.100000000    40.000000000  0.000000000 -1.000000000  0.000000000   3
>     382   382   0   320.000000000  -417.100000000   -40.000000000  0.000000000 -1.000000000  0.000000000   3
>     381   381   0   320.000000000  -417.100000000  -120.000000000  0.000000000 -1.000000000  0.000000000   3
>     380   380   0   280.000000000  -417.100000000   160.000000000  0.000000000 -1.000000000  0.000000000   3
>     379   379   0   280.000000000  -417.100000000    80.000000000  0.000000000 -1.000000000  0.000000000   3
>     378   378   0   280.000000000  -417.100000000     0.000000000  0.000000000 -1.000000000  0.000000000   3
>     377   377   0   280.000000000  -417.100000000   -80.000000000  0.000000000 -1.000000000  0.000000000   3
>     376   376   0   280.000000000  -417.100000000  -160.000000000  0.000000000 -1.000000000  0.000000000   3
>     375   375   0   240.000000000  -417.100000000   200.000000000  0.000000000 -1.000000000  0.000000000   3
>     374   374   0   240.000000000  -417.100000000   120.000000000  0.000000000 -1.000000000  0.000000000   3
>     373   373   0   240.000000000  -417.100000000    40.000000000  0.000000000 -1.000000000  0.000000000   3
>     372   372   0   240.000000000  -417.100000000   -40.000000000  0.000000000 -1.000000000  0.000000000   3
>     371   371   0   240.000000000  -417.100000000  -120.000000000  0.000000000 -1.000000000  0.000000000   3
>     370   370   0   240.000000000  -417.100000000  -200.000000000  0.000000000 -1.000000000  0.000000000   3
>     369   369   0   200.000000000  -417.100000000   240.000000000  0.000000000 -1.000000000  0.000000000   3
>     368   368   0   200.000000000  -417.100000000   160.000000000  0.000000000 -1.000000000  0.000000000   3
>     367   367   0   200.000000000  -417.100000000    80.000000000  0.000000000 -1.000000000  0.000000000   3
>     366   366   0   200.000000000  -417.100000000     0.000000000  0.000000000 -1.000000000  0.000000000   3
>     365   365   0   200.000000000  -417.100000000   -80.000000000  0.000000000 -1.000000000  0.000000000   3
>     364   364   0   200.000000000  -417.100000000  -160.000000000  0.000000000 -1.000000000  0.000000000   3
>     363   363   0   200.000000000  -417.100000000  -240.000000000  0.000000000 -1.000000000  0.000000000   3
>     362   362   0   160.000000000  -417.100000000   280.000000000  0.000000000 -1.000000000  0.000000000   3
>     361   361   0   160.000000000  -417.100000000   200.000000000  0.000000000 -1.000000000  0.000000000   3
>     360   360   0   160.000000000  -417.100000000   120.000000000  0.000000000 -1.000000000  0.000000000   3
>     359   359   0   160.000000000  -417.100000000    40.000000000  0.000000000 -1.000000000  0.000000000   3
>     358   358   0   160.000000000  -417.100000000   -40.000000000  0.000000000 -1.000000000  0.000000000   3
>     357   357   0   160.000000000  -417.100000000  -120.000000000  0.000000000 -1.000000000  0.000000000   3
>     356   356   0   160.000000000  -417.100000000  -200.000000000  0.000000000 -1.000000000  0.000000000   3
>     355   355   0   160.000000000  -417.100000000  -280.000000000  0.000000000 -1.000000000  0.000000000   3
>     354   354   0   120.000000000  -417.100000000   320.000000000  0.000000000 -1.000000000  0.000000000   3
>     353   353   0   120.000000000  -417.100000000   240.000000000  0.000000000 -1.000000000  0.000000000   3
>     352   352   0   120.000000000  -417.100000000   160.000000000  0.000000000 -1.000000000  0.000000000   3
>     351   351   0   120.000000000  -417.100000000    80.000000000  0.000000000 -1.000000000  0.000000000   3
>     350   350   0   120.000000000  -417.100000000     0.000000000  0.000000000 -1.000000000  0.000000000   3
>     349   349   0   120.000000000  -417.100000000   -80.000000000  0.000000000 -1.000000000  0.000000000   3
>     348   348   0   120.000000000  -417.100000000  -160.000000000  0.000000000 -1.000000000  0.000000000   3
>     347   347   0   120.000000000  -417.100000000  -240.000000000  0.000000000 -1.000000000  0.000000000   3
>     346   346   0   120.000000000  -417.100000000  -320.000000000  0.000000000 -1.000000000  0.000000000   3
>     345   345   0    80.000000000  -417.100000000   280.000000000  0.000000000 -1.000000000  0.000000000   3
>     344   344   0    80.000000000  -417.100000000   200.000000000  0.000000000 -1.000000000  0.000000000   3
>     343   343   0    80.000000000  -417.100000000   120.000000000  0.000000000 -1.000000000  0.000000000   3
>     342   342   0    80.000000000  -417.100000000    40.000000000  0.000000000 -1.000000000  0.000000000   3
>     341   341   0    80.000000000  -417.100000000   -40.000000000  0.000000000 -1.000000000  0.000000000   3
>     340   340   0    80.000000000  -417.100000000  -120.000000000  0.000000000 -1.000000000  0.000000000   3
>     339   339   0    80.000000000  -417.100000000  -200.000000000  0.000000000 -1.000000000  0.000000000   3
>     338   338   0    80.000000000  -417.100000000  -280.000000000  0.000000000 -1.000000000  0.000000000   3
>     337   337   0    40.000000000  -417.100000000   320.000000000  0.000000000 -1.000000000  0.000000000   3
>     336   336   0    40.000000000  -417.100000000   240.000000000  0.000000000 -1.000000000  0.000000000   3
>     335   335   0    40.000000000  -417.100000000   160.000000000  0.000000000 -1.000000000  0.000000000   3
>     334   334   0    40.000000000  -417.100000000    80.000000000  0.000000000 -1.000000000  0.000000000   3
>     333   333   0    40.000000000  -417.100000000     0.000000000  0.000000000 -1.000000000  0.000000000   3
>     332   332   0    40.000000000  -417.100000000   -80.000000000  0.000000000 -1.000000000  0.000000000   3
>     331   331   0    40.000000000  -417.100000000  -160.000000000  0.000000000 -1.000000000  0.000000000   3
>     330   330   0    40.000000000  -417.100000000  -240.000000000  0.000000000 -1.000000000  0.000000000   3
>     329   329   0    40.000000000  -417.100000000  -320.000000000  0.000000000 -1.000000000  0.000000000   3
>     328   328   0     0.000000000  -417.100000000   280.000000000  0.000000000 -1.000000000  0.000000000   3
>     327   327   0     0.000000000  -417.100000000   200.000000000  0.000000000 -1.000000000  0.000000000   3
>     326   326   0     0.000000000  -417.100000000   120.000000000  0.000000000 -1.000000000  0.000000000   3
>     325   325   0     0.000000000  -417.100000000    40.000000000  0.000000000 -1.000000000  0.000000000   3
>     324   324   0     0.000000000  -417.100000000   -40.000000000  0.000000000 -1.000000000  0.000000000   3
>     323   323   0     0.000000000  -417.100000000  -120.000000000  0.000000000 -1.000000000  0.000000000   3
>     322   322   0     0.000000000  -417.100000000  -200.000000000  0.000000000 -1.000000000  0.000000000   3
>     321   321   0     0.000000000  -417.100000000  -280.000000000  0.000000000 -1.000000000  0.000000000   3
>     320   320   0   -40.000000000  -417.100000000   320.000000000  0.000000000 -1.000000000  0.000000000   3
>     319   319   0   -40.000000000  -417.100000000   240.000000000  0.000000000 -1.000000000  0.000000000   3
>     318   318   0   -40.000000000  -417.100000000   160.000000000  0.000000000 -1.000000000  0.000000000   3
>     317   317   0   -40.000000000  -417.100000000    80.000000000  0.000000000 -1.000000000  0.000000000   3
>     316   316   0   -40.000000000  -417.100000000     0.000000000  0.000000000 -1.000000000  0.000000000   3
>     315   315   0   -40.000000000  -417.100000000   -80.000000000  0.000000000 -1.000000000  0.000000000   3
>     314   314   0   -40.000000000  -417.100000000  -160.000000000  0.000000000 -1.000000000  0.000000000   3
>     313   313   0   -40.000000000  -417.100000000  -240.000000000  0.000000000 -1.000000000  0.000000000   3
>     312   312   0   -40.000000000  -417.100000000  -320.000000000  0.000000000 -1.000000000  0.000000000   3
>     311   311   0   -80.000000000  -417.100000000   280.000000000  0.000000000 -1.000000000  0.000000000   3
>     310   310   0   -80.000000000  -417.100000000   200.000000000  0.000000000 -1.000000000  0.000000000   3
>     309   309   0   -80.000000000  -417.100000000   120.000000000  0.000000000 -1.000000000  0.000000000   3
>     308   308   0   -80.000000000  -417.100000000    40.000000000  0.000000000 -1.000000000  0.000000000   3
>     307   307   0   -80.000000000  -417.100000000   -40.000000000  0.000000000 -1.000000000  0.000000000   3
>     306   306   0   -80.000000000  -417.100000000  -120.000000000  0.000000000 -1.000000000  0.000000000   3
>     305   305   0   -80.000000000  -417.100000000  -200.000000000  0.000000000 -1.000000000  0.000000000   3
>     304   304   0   -80.000000000  -417.100000000  -280.000000000  0.000000000 -1.000000000  0.000000000   3
>     303   303   0  -120.000000000  -417.100000000   320.000000000  0.000000000 -1.000000000  0.000000000   3
>     302   302   0  -120.000000000  -417.100000000   240.000000000  0.000000000 -1.000000000  0.000000000   3
>     301   301   0  -120.000000000  -417.100000000   160.000000000  0.000000000 -1.000000000  0.000000000   3
>     300   300   0  -120.000000000  -417.100000000    80.000000000  0.000000000 -1.000000000  0.000000000   3
>     299   299   0  -120.000000000  -417.100000000     0.000000000  0.000000000 -1.000000000  0.000000000   3
>     298   298   0  -120.000000000  -417.100000000   -80.000000000  0.000000000 -1.000000000  0.000000000   3
>     297   297   0  -120.000000000  -417.100000000  -160.000000000  0.000000000 -1.000000000  0.000000000   3
>     296   296   0  -120.000000000  -417.100000000  -240.000000000  0.000000000 -1.000000000  0.000000000   3
>     295   295   0  -120.000000000  -417.100000000  -320.000000000  0.000000000 -1.000000000  0.000000000   3
>     294   294   0  -160.000000000  -417.100000000   280.000000000  0.000000000 -1.000000000  0.000000000   3
>     293   293   0  -160.000000000  -417.100000000   200.000000000  0.000000000 -1.000000000  0.000000000   3
>     292   292   0  -160.000000000  -417.100000000   120.000000000  0.000000000 -1.000000000  0.000000000   3
>     291   291   0  -160.000000000  -417.100000000    40.000000000  0.000000000 -1.000000000  0.000000000   3
>     290   290   0  -160.000000000  -417.100000000   -40.000000000  0.000000000 -1.000000000  0.000000000   3
>     289   289   0  -160.000000000  -417.100000000  -120.000000000  0.000000000 -1.000000000  0.000000000   3
>     288   288   0  -160.000000000  -417.100000000  -200.000000000  0.000000000 -1.000000000  0.000000000   3
>     287   287   0  -160.000000000  -417.100000000  -280.000000000  0.000000000 -1.000000000  0.000000000   3
>     286   286   0  -200.000000000  -417.100000000   240.000000000  0.000000000 -1.000000000  0.000000000   3
>     285   285   0  -200.000000000  -417.100000000   160.000000000  0.000000000 -1.000000000  0.000000000   3
>     284   284   0  -200.000000000  -417.100000000    80.000000000  0.000000000 -1.000000000  0.000000000   3
>     283   283   0  -200.000000000  -417.100000000     0.000000000  0.000000000 -1.000000000  0.000000000   3
>     282   282   0  -200.000000000  -417.100000000   -80.000000000  0.000000000 -1.000000000  0.000000000   3
>     281   281   0  -200.000000000  -417.100000000  -160.000000000  0.000000000 -1.000000000  0.000000000   3
>     280   280   0  -200.000000000  -417.100000000  -240.000000000  0.000000000 -1.000000000  0.000000000   3
>     279   279   0  -240.000000000  -417.100000000   200.000000000  0.000000000 -1.000000000  0.000000000   3
>     278   278   0  -240.000000000  -417.100000000   120.000000000  0.000000000 -1.000000000  0.000000000   3
>     277   277   0  -240.000000000  -417.100000000    40.000000000  0.000000000 -1.000000000  0.000000000   3
>     276   276   0  -240.000000000  -417.100000000   -40.000000000  0.000000000 -1.000000000  0.000000000   3
>     275   275   0  -240.000000000  -417.100000000  -120.000000000  0.000000000 -1.000000000  0.000000000   3
>     274   274   0  -240.000000000  -417.100000000  -200.000000000  0.000000000 -1.000000000  0.000000000   3
>     273   273   0  -280.000000000  -417.100000000   160.000000000  0.000000000 -1.000000000  0.000000000   3
>     272   272   0  -280.000000000  -417.100000000    80.000000000  0.000000000 -1.000000000  0.000000000   3
>     271   271   0  -280.000000000  -417.100000000     0.000000000  0.000000000 -1.000000000  0.000000000   3
>     270   270   0  -280.000000000  -417.100000000   -80.000000000  0.000000000 -1.000000000  0.000000000   3
>     269   269   0  -280.000000000  -417.100000000  -160.000000000  0.000000000 -1.000000000  0.000000000   3
>     268   268   0  -320.000000000  -417.100000000   120.000000000  0.000000000 -1.000000000  0.000000000   3
>     267   267   0  -320.000000000  -417.100000000    40.000000000  0.000000000 -1.000000000  0.000000000   3
>     266   266   0  -320.000000000  -417.100000000   -40.000000000  0.000000000 -1.000000000  0.000000000   3
>     265   265   0  -320.000000000  -417.100000000  -120.000000000  0.000000000 -1.000000000  0.000000000   3
>     264   264   0   356.523222483  -337.000000000   -95.530109548  0.965925826  0.000000000 -0.258819045   4
>     263   263   0   260.993112936  -337.000000000  -260.993112936  0.707106781  0.000000000 -0.707106781   4
>     262   262   0    95.530109548  -337.000000000  -356.523222483  0.258819045 -0.000000000 -0.965925826   4
>     261   261   0   -95.530109548  -337.000000000  -356.523222483 -0.258819045 -0.000000000 -0.965925826   4
>     260   260   0  -260.993112936  -337.000000000  -260.993112936 -0.707106781 -0.000000000 -0.707106781   4
>     259   259   0  -356.523222483  -337.000000000   -95.530109548 -0.965925826 -0.000000000 -0.258819045   4
>     258   258   0  -356.523222483  -337.000000000    95.530109548 -0.965925826 -0.000000000  0.258819045   4
>     257   257   0  -260.993112936  -337.000000000   260.993112936 -0.707106781 -0.000000000  0.707106781   4
>     256   256   0   -95.530109548  -337.000000000   356.523222483 -0.258819045  0.000000000  0.965925826   4
>     255   255   0    95.530109548  -337.000000000   356.523222483  0.258819045  0.000000000  0.965925826   4
>     254   254   0   260.993112936  -337.000000000   260.993112936  0.707106781  0.000000000  0.707106781   4
>     253   253   0   356.523222483  -337.000000000    95.530109548  0.965925826  0.000000000  0.258819045   4
>     252   252   0   371.534727099  -303.300000000   -39.506411623  0.965925826  0.000000000 -0.258819045   4
>     251   251   0   341.511717867  -303.300000000  -151.553807472  0.965925826  0.000000000 -0.258819045   4
>     250   250   0   302.005306244  -303.300000000  -219.980919627  0.707106781  0.000000000 -0.707106781   4
>     249   249   0   219.980919627  -303.300000000  -302.005306244  0.707106781  0.000000000 -0.707106781   4
>     248   248   0   151.553807472  -303.300000000  -341.511717867  0.258819045 -0.000000000 -0.965925826   4
>     247   247   0    39.506411623  -303.300000000  -371.534727099  0.258819045 -0.000000000 -0.965925826   4
>     246   246   0   -39.506411623  -303.300000000  -371.534727099 -0.258819045 -0.000000000 -0.965925826   4
>     245   245   0  -151.553807472  -303.300000000  -341.511717867 -0.258819045 -0.000000000 -0.965925826   4
>     244   244   0  -219.980919627  -303.300000000  -302.005306244 -0.707106781 -0.000000000 -0.707106781   4
>     243   243   0  -302.005306244  -303.300000000  -219.980919627 -0.707106781 -0.000000000 -0.707106781   4
>     242   242   0  -341.511717867  -303.300000000  -151.553807472 -0.965925826 -0.000000000 -0.258819045   4
>     241   241   0  -371.534727099  -303.300000000   -39.506411623 -0.965925826 -0.000000000 -0.258819045   4
>     240   240   0  -371.534727099  -303.300000000    39.506411623 -0.965925826 -0.000000000  0.258819045   4
>     239   239   0  -341.511717867  -303.300000000   151.553807472 -0.965925826 -0.000000000  0.258819045   4
>     238   238   0  -302.005306244  -303.300000000   219.980919627 -0.707106781 -0.000000000  0.707106781   4
>     237   237   0  -219.980919627  -303.300000000   302.005306244 -0.707106781 -0.000000000  0.707106781   4
>     236   236   0  -151.553807472  -303.300000000   341.511717867 -0.258819045  0.000000000  0.965925826   4
>     235   235   0   -39.506411623  -303.300000000   371.534727099 -0.258819045  0.000000000  0.965925826   4
>     234   234   0    39.506411623  -303.300000000   371.534727099  0.258819045  0.000000000  0.965925826   4
>     233   233   0   151.553807472  -303.300000000   341.511717867  0.258819045  0.000000000  0.965925826   4
>     232   232   0   219.980919627  -303.300000000   302.005306244  0.707106781  0.000000000  0.707106781   4
>     231   231   0   302.005306244  -303.300000000   219.980919627  0.707106781  0.000000000  0.707106781   4
>     230   230   0   341.511717867  -303.300000000   151.553807472  0.965925826  0.000000000  0.258819045   4
>     229   229   0   371.534727099  -303.300000000    39.506411623  0.965925826  0.000000000  0.258819045   4
>     228   228   0   371.534727099  -235.900000000   -39.506411623  0.965925826  0.000000000 -0.258819045   4
>     227   227   0   341.511717867  -235.900000000  -151.553807472  0.965925826  0.000000000 -0.258819045   4
>     226   226   0   302.005306244  -235.900000000  -219.980919627  0.707106781  0.000000000 -0.707106781   4
>     225   225   0   219.980919627  -235.900000000  -302.005306244  0.707106781  0.000000000 -0.707106781   4
>     224   224   0   151.553807472  -235.900000000  -341.511717867  0.258819045 -0.000000000 -0.965925826   4
>     223   223   0    39.506411623  -235.900000000  -371.534727099  0.258819045 -0.000000000 -0.965925826   4
>     222   222   0   -39.506411623  -235.900000000  -371.534727099 -0.258819045 -0.000000000 -0.965925826   4
>     221   221   0  -151.553807472  -235.900000000  -341.511717867 -0.258819045 -0.000000000 -0.965925826   4
>     220   220   0  -219.980919627  -235.900000000  -302.005306244 -0.707106781 -0.000000000 -0.707106781   4
>     219   219   0  -302.005306244  -235.900000000  -219.980919627 -0.707106781 -0.000000000 -0.707106781   4
>     218   218   0  -341.511717867  -235.900000000  -151.553807472 -0.965925826 -0.000000000 -0.258819045   4
>     217   217   0  -371.534727099  -235.900000000   -39.506411623 -0.965925826 -0.000000000 -0.258819045   4
>     216   216   0  -371.534727099  -235.900000000    39.506411623 -0.965925826 -0.000000000  0.258819045   4
>     215   215   0  -341.511717867  -235.900000000   151.553807472 -0.965925826 -0.000000000  0.258819045   4
>     214   214   0  -302.005306244  -235.900000000   219.980919627 -0.707106781 -0.000000000  0.707106781   4
>     213   213   0  -219.980919627  -235.900000000   302.005306244 -0.707106781 -0.000000000  0.707106781   4
>     212   212   0  -151.553807472  -235.900000000   341.511717867 -0.258819045  0.000000000  0.965925826   4
>     211   211   0   -39.506411623  -235.900000000   371.534727099 -0.258819045  0.000000000  0.965925826   4
>     210   210   0    39.506411623  -235.900000000   371.534727099  0.258819045  0.000000000  0.965925826   4
>     209   209   0   151.553807472  -235.900000000   341.511717867  0.258819045  0.000000000  0.965925826   4
>     208   208   0   219.980919627  -235.900000000   302.005306244  0.707106781  0.000000000  0.707106781   4
>     207   207   0   302.005306244  -235.900000000   219.980919627  0.707106781  0.000000000  0.707106781   4
>     206   206   0   341.511717867  -235.900000000   151.553807472  0.965925826  0.000000000  0.258819045   4
>     205   205   0   371.534727099  -235.900000000    39.506411623  0.965925826  0.000000000  0.258819045   4
>     204   204   0   356.523222483  -202.200000000   -95.530109548  0.965925826  0.000000000 -0.258819045   4
>     203   203   0   260.993112936  -202.200000000  -260.993112936  0.707106781  0.000000000 -0.707106781   4
>     202   202   0    95.530109548  -202.200000000  -356.523222483  0.258819045 -0.000000000 -0.965925826   4
>     201   201   0   -95.530109548  -202.200000000  -356.523222483 -0.258819045 -0.000000000 -0.965925826   4
>     200   200   0  -260.993112936  -202.200000000  -260.993112936 -0.707106781 -0.000000000 -0.707106781   4
>     199   199   0  -356.523222483  -202.200000000   -95.530109548 -0.965925826 -0.000000000 -0.258819045   4
>     198   198   0  -356.523222483  -202.200000000    95.530109548 -0.965925826 -0.000000000  0.258819045   4
>     197   197   0  -260.993112936  -202.200000000   260.993112936 -0.707106781 -0.000000000  0.707106781   4
>     196   196   0   -95.530109548  -202.200000000   356.523222483 -0.258819045  0.000000000  0.965925826   4
>     195   195   0    95.530109548  -202.200000000   356.523222483  0.258819045  0.000000000  0.965925826   4
>     194   194   0   260.993112936  -202.200000000   260.993112936  0.707106781  0.000000000  0.707106781   4
>     193   193   0   356.523222483  -202.200000000    95.530109548  0.965925826  0.000000000  0.258819045   4
>     192   192   0   356.523222483  -134.800000000   -95.530109548  0.965925826  0.000000000 -0.258819045   4
>     191   191   0   260.993112936  -134.800000000  -260.993112936  0.707106781  0.000000000 -0.707106781   4
>     190   190   0    95.530109548  -134.800000000  -356.523222483  0.258819045 -0.000000000 -0.965925826   4
>     189   189   0   -95.530109548  -134.800000000  -356.523222483 -0.258819045 -0.000000000 -0.965925826   4
>     188   188   0  -260.993112936  -134.800000000  -260.993112936 -0.707106781 -0.000000000 -0.707106781   4
>     187   187   0  -356.523222483  -134.800000000   -95.530109548 -0.965925826 -0.000000000 -0.258819045   4
>     186   186   0  -356.523222483  -134.800000000    95.530109548 -0.965925826 -0.000000000  0.258819045   4
>     185   185   0  -260.993112936  -134.800000000   260.993112936 -0.707106781 -0.000000000  0.707106781   4
>     184   184   0   -95.530109548  -134.800000000   356.523222483 -0.258819045  0.000000000  0.965925826   4
>     183   183   0    95.530109548  -134.800000000   356.523222483  0.258819045  0.000000000  0.965925826   4
>     182   182   0   260.993112936  -134.800000000   260.993112936  0.707106781  0.000000000  0.707106781   4
>     181   181   0   356.523222483  -134.800000000    95.530109548  0.965925826  0.000000000  0.258819045   4
>     180   180   0   371.534727099  -101.100000000   -39.506411623  0.965925826  0.000000000 -0.258819045   4
>     179   179   0   341.511717867  -101.100000000  -151.553807472  0.965925826  0.000000000 -0.258819045   4
>     178   178   0   302.005306244  -101.100000000  -219.980919627  0.707106781  0.000000000 -0.707106781   4
>     177   177   0   219.980919627  -101.100000000  -302.005306244  0.707106781  0.000000000 -0.707106781   4
>     176   176   0   151.553807472  -101.100000000  -341.511717867  0.258819045 -0.000000000 -0.965925826   4
>     175   175   0    39.506411623  -101.100000000  -371.534727099  0.258819045 -0.000000000 -0.965925826   4
>     174   174   0   -39.506411623  -101.100000000  -371.534727099 -0.258819045 -0.000000000 -0.965925826   4
>     173   173   0  -151.553807472  -101.100000000  -341.511717867 -0.258819045 -0.000000000 -0.965925826   4
>     172   172   0  -219.980919627  -101.100000000  -302.005306244 -0.707106781 -0.000000000 -0.707106781   4
>     171   171   0  -302.005306244  -101.100000000  -219.980919627 -0.707106781 -0.000000000 -0.707106781   4
>     170   170   0  -341.511717867  -101.100000000  -151.553807472 -0.965925826 -0.000000000 -0.258819045   4
>     169   169   0  -371.534727099  -101.100000000   -39.506411623 -0.965925826 -0.000000000 -0.258819045   4
>     168   168   0  -371.534727099  -101.100000000    39.506411623 -0.965925826 -0.000000000  0.258819045   4
>     167   167   0  -341.511717867  -101.100000000   151.553807472 -0.965925826 -0.000000000  0.258819045   4
>     166   166   0  -302.005306244  -101.100000000   219.980919627 -0.707106781 -0.000000000  0.707106781   4
>     165   165   0  -219.980919627  -101.100000000   302.005306244 -0.707106781 -0.000000000  0.707106781   4
>     164   164   0  -151.553807472  -101.100000000   341.511717867 -0.258819045  0.000000000  0.965925826   4
>     163   163   0   -39.506411623  -101.100000000   371.534727099 -0.258819045  0.000000000  0.965925826   4
>     162   162   0    39.506411623  -101.100000000   371.534727099  0.258819045  0.000000000  0.965925826   4
>     161   161   0   151.553807472  -101.100000000   341.511717867  0.258819045  0.000000000  0.965925826   4
>     160   160   0   219.980919627  -101.100000000   302.005306244  0.707106781  0.000000000  0.707106781   4
>     159   159   0   302.005306244  -101.100000000   219.980919627  0.707106781  0.000000000  0.707106781   4
>     158   158   0   341.511717867  -101.100000000   151.553807472  0.965925826  0.000000000  0.258819045   4
>     157   157   0   371.534727099  -101.100000000    39.506411623  0.965925826  0.000000000  0.258819045   4
>     156   156   0   371.534727099   -33.700000000   -39.506411623  0.965925826  0.000000000 -0.258819045   4
>     155   155   0   341.511717867   -33.700000000  -151.553807472  0.965925826  0.000000000 -0.258819045   4
>     154   154   0   302.005306244   -33.700000000  -219.980919627  0.707106781  0.000000000 -0.707106781   4
>     153   153   0   219.980919627   -33.700000000  -302.005306244  0.707106781  0.000000000 -0.707106781   4
>     152   152   0   151.553807472   -33.700000000  -341.511717867  0.258819045 -0.000000000 -0.965925826   4
>     151   151   0    39.506411623   -33.700000000  -371.534727099  0.258819045 -0.000000000 -0.965925826   4
>     150   150   0   -39.506411623   -33.700000000  -371.534727099 -0.258819045 -0.000000000 -0.965925826   4
>     149   149   0  -151.553807472   -33.700000000  -341.511717867 -0.258819045 -0.000000000 -0.965925826   4
>     148   148   0  -219.980919627   -33.700000000  -302.005306244 -0.707106781 -0.000000000 -0.707106781   4
>     147   147   0  -302.005306244   -33.700000000  -219.980919627 -0.707106781 -0.000000000 -0.707106781   4
>     146   146   0  -341.511717867   -33.700000000  -151.553807472 -0.965925826 -0.000000000 -0.258819045   4
>     145   145   0  -371.534727099   -33.700000000   -39.506411623 -0.965925826 -0.000000000 -0.258819045   4
>     144   144   0  -371.534727099   -33.700000000    39.506411623 -0.965925826 -0.000000000  0.258819045   4
>     143   143   0  -341.511717867   -33.700000000   151.553807472 -0.965925826 -0.000000000  0.258819045   4
>     142   142   0  -302.005306244   -33.700000000   219.980919627 -0.707106781 -0.000000000  0.707106781   4
>     141   141   0  -219.980919627   -33.700000000   302.005306244 -0.707106781 -0.000000000  0.707106781   4
>     140   140   0  -151.553807472   -33.700000000   341.511717867 -0.258819045  0.000000000  0.965925826   4
>     139   139   0   -39.506411623   -33.700000000   371.534727099 -0.258819045  0.000000000  0.965925826   4
>     138   138   0    39.506411623   -33.700000000   371.534727099  0.258819045  0.000000000  0.965925826   4
>     137   137   0   151.553807472   -33.700000000   341.511717867  0.258819045  0.000000000  0.965925826   4
>     136   136   0   219.980919627   -33.700000000   302.005306244  0.707106781  0.000000000  0.707106781   4
>     135   135   0   302.005306244   -33.700000000   219.980919627  0.707106781  0.000000000  0.707106781   4
>     134   134   0   341.511717867   -33.700000000   151.553807472  0.965925826  0.000000000  0.258819045   4
>     133   133   0   371.534727099   -33.700000000    39.506411623  0.965925826  0.000000000  0.258819045   4
>     132   132   0   356.523222483    -0.000000000   -95.530109548  0.965925826  0.000000000 -0.258819045   4
>     131   131   0   260.993112936    -0.000000000  -260.993112936  0.707106781  0.000000000 -0.707106781   4
>     130   130   0    95.530109548    -0.000000000  -356.523222483  0.258819045 -0.000000000 -0.965925826   4
>     129   129   0   -95.530109548    -0.000000000  -356.523222483 -0.258819045 -0.000000000 -0.965925826   4
>     128   128   0  -260.993112936    -0.000000000  -260.993112936 -0.707106781 -0.000000000 -0.707106781   4
>     127   127   0  -356.523222483    -0.000000000   -95.530109548 -0.965925826 -0.000000000 -0.258819045   4
>     126   126   0  -356.523222483     0.000000000    95.530109548 -0.965925826 -0.000000000  0.258819045   4
>     125   125   0  -260.993112936     0.000000000   260.993112936 -0.707106781 -0.000000000  0.707106781   4
>     124   124   0   -95.530109548     0.000000000   356.523222483 -0.258819045  0.000000000  0.965925826   4
>     123   123   0    95.530109548     0.000000000   356.523222483  0.258819045  0.000000000  0.965925826   4
>     122   122   0   260.993112936     0.000000000   260.993112936  0.707106781  0.000000000  0.707106781   4
>     121   121   0   356.523222483     0.000000000    95.530109548  0.965925826  0.000000000  0.258819045   4
>     120   120   0   356.523222483    67.400000000   -95.530109548  0.965925826  0.000000000 -0.258819045   4
>     119   119   0   260.993112936    67.400000000  -260.993112936  0.707106781  0.000000000 -0.707106781   4
>     118   118   0    95.530109548    67.400000000  -356.523222483  0.258819045 -0.000000000 -0.965925826   4
>     117   117   0   -95.530109548    67.400000000  -356.523222483 -0.258819045 -0.000000000 -0.965925826   4
>     116   116   0  -260.993112936    67.400000000  -260.993112936 -0.707106781 -0.000000000 -0.707106781   4
>     115   115   0  -356.523222483    67.400000000   -95.530109548 -0.965925826 -0.000000000 -0.258819045   4
>     114   114   0  -356.523222483    67.400000000    95.530109548 -0.965925826 -0.000000000  0.258819045   4
>     113   113   0  -260.993112936    67.400000000   260.993112936 -0.707106781 -0.000000000  0.707106781   4
>     112   112   0   -95.530109548    67.400000000   356.523222483 -0.258819045  0.000000000  0.965925826   4
>     111   111   0    95.530109548    67.400000000   356.523222483  0.258819045  0.000000000  0.965925826   4
>     110   110   0   260.993112936    67.400000000   260.993112936  0.707106781  0.000000000  0.707106781   4
>     109   109   0   356.523222483    67.400000000    95.530109548  0.965925826  0.000000000  0.258819045   4
>     108   108   0   371.534727099   101.100000000   -39.506411623  0.965925826  0.000000000 -0.258819045   4
>     107   107   0   341.511717867   101.100000000  -151.553807472  0.965925826  0.000000000 -0.258819045   4
>     106   106   0   302.005306244   101.100000000  -219.980919627  0.707106781  0.000000000 -0.707106781   4
>     105   105   0   219.980919627   101.100000000  -302.005306244  0.707106781  0.000000000 -0.707106781   4
>     104   104   0   151.553807472   101.100000000  -341.511717867  0.258819045 -0.000000000 -0.965925826   4
>     103   103   0    39.506411623   101.100000000  -371.534727099  0.258819045 -0.000000000 -0.965925826   4
>     102   102   0   -39.506411623   101.100000000  -371.534727099 -0.258819045 -0.000000000 -0.965925826   4
>     101   101   0  -151.553807472   101.100000000  -341.511717867 -0.258819045 -0.000000000 -0.965925826   4
>     100   100   0  -219.980919627   101.100000000  -302.005306244 -0.707106781 -0.000000000 -0.707106781   4
>      99    99   0  -302.005306244   101.100000000  -219.980919627 -0.707106781 -0.000000000 -0.707106781   4
>      98    98   0  -341.511717867   101.100000000  -151.553807472 -0.965925826 -0.000000000 -0.258819045   4
>      97    97   0  -371.534727099   101.100000000   -39.506411623 -0.965925826 -0.000000000 -0.258819045   4
>      96    96   0  -371.534727099   101.100000000    39.506411623 -0.965925826 -0.000000000  0.258819045   4
>      95    95   0  -341.511717867   101.100000000   151.553807472 -0.965925826 -0.000000000  0.258819045   4
>      94    94   0  -302.005306244   101.100000000   219.980919627 -0.707106781 -0.000000000  0.707106781   4
>      93    93   0  -219.980919627   101.100000000   302.005306244 -0.707106781 -0.000000000  0.707106781   4
>      92    92   0  -151.553807472   101.100000000   341.511717867 -0.258819045  0.000000000  0.965925826   4
>      91    91   0   -39.506411623   101.100000000   371.534727099 -0.258819045  0.000000000  0.965925826   4
>      90    90   0    39.506411623   101.100000000   371.534727099  0.258819045  0.000000000  0.965925826   4
>      89    89   0   151.553807472   101.100000000   341.511717867  0.258819045  0.000000000  0.965925826   4
>      88    88   0   219.980919627   101.100000000   302.005306244  0.707106781  0.000000000  0.707106781   4
>      87    87   0   302.005306244   101.100000000   219.980919627  0.707106781  0.000000000  0.707106781   4
>      86    86   0   341.511717867   101.100000000   151.553807472  0.965925826  0.000000000  0.258819045   4
>      85    85   0   371.534727099   101.100000000    39.506411623  0.965925826  0.000000000  0.258819045   4
>      84    84   0   371.534727099   168.500000000   -39.506411623  0.965925826  0.000000000 -0.258819045   4
>      83    83   0   341.511717867   168.500000000  -151.553807472  0.965925826  0.000000000 -0.258819045   4
>      82    82   0   302.005306244   168.500000000  -219.980919627  0.707106781  0.000000000 -0.707106781   4
>      81    81   0   219.980919627   168.500000000  -302.005306244  0.707106781  0.000000000 -0.707106781   4
>      80    80   0   151.553807472   168.500000000  -341.511717867  0.258819045 -0.000000000 -0.965925826   4
>      79    79   0    39.506411623   168.500000000  -371.534727099  0.258819045 -0.000000000 -0.965925826   4
>      78    78   0   -39.506411623   168.500000000  -371.534727099 -0.258819045 -0.000000000 -0.965925826   4
>      77    77   0  -151.553807472   168.500000000  -341.511717867 -0.258819045 -0.000000000 -0.965925826   4
>      76    76   0  -219.980919627   168.500000000  -302.005306244 -0.707106781 -0.000000000 -0.707106781   4
>      75    75   0  -302.005306244   168.500000000  -219.980919627 -0.707106781 -0.000000000 -0.707106781   4
>      74    74   0  -341.511717867   168.500000000  -151.553807472 -0.965925826 -0.000000000 -0.258819045   4
>      73    73   0  -371.534727099   168.500000000   -39.506411623 -0.965925826 -0.000000000 -0.258819045   4
>      72    72   0  -371.534727099   168.500000000    39.506411623 -0.965925826 -0.000000000  0.258819045   4
>      71    71   0  -341.511717867   168.500000000   151.553807472 -0.965925826 -0.000000000  0.258819045   4
>      70    70   0  -302.005306244   168.500000000   219.980919627 -0.707106781 -0.000000000  0.707106781   4
>      69    69   0  -219.980919627   168.500000000   302.005306244 -0.707106781 -0.000000000  0.707106781   4
>      68    68   0  -151.553807472   168.500000000   341.511717867 -0.258819045  0.000000000  0.965925826   4
>      67    67   0   -39.506411623   168.500000000   371.534727099 -0.258819045  0.000000000  0.965925826   4
>      66    66   0    39.506411623   168.500000000   371.534727099  0.258819045  0.000000000  0.965925826   4
>      65    65   0   151.553807472   168.500000000   341.511717867  0.258819045  0.000000000  0.965925826   4
>      64    64   0   219.980919627   168.500000000   302.005306244  0.707106781  0.000000000  0.707106781   4
>      63    63   0   302.005306244   168.500000000   219.980919627  0.707106781  0.000000000  0.707106781   4
>      62    62   0   341.511717867   168.500000000   151.553807472  0.965925826  0.000000000  0.258819045   4
>      61    61   0   371.534727099   168.500000000    39.506411623  0.965925826  0.000000000  0.258819045   4
>      60    60   0   356.523222483   202.200000000   -95.530109548  0.965925826  0.000000000 -0.258819045   4
>      59    59   0   260.993112936   202.200000000  -260.993112936  0.707106781  0.000000000 -0.707106781   4
>      58    58   0    95.530109548   202.200000000  -356.523222483  0.258819045 -0.000000000 -0.965925826   4
>      57    57   0   -95.530109548   202.200000000  -356.523222483 -0.258819045 -0.000000000 -0.965925826   4
>      56    56   0  -260.993112936   202.200000000  -260.993112936 -0.707106781 -0.000000000 -0.707106781   4
>      55    55   0  -356.523222483   202.200000000   -95.530109548 -0.965925826 -0.000000000 -0.258819045   4
>      54    54   0  -356.523222483   202.200000000    95.530109548 -0.965925826 -0.000000000  0.258819045   4
>      53    53   0  -260.993112936   202.200000000   260.993112936 -0.707106781 -0.000000000  0.707106781   4
>      52    52   0   -95.530109548   202.200000000   356.523222483 -0.258819045  0.000000000  0.965925826   4
>      51    51   0    95.530109548   202.200000000   356.523222483  0.258819045  0.000000000  0.965925826   4
>      50    50   0   260.993112936   202.200000000   260.993112936  0.707106781  0.000000000  0.707106781   4
>      49    49   0   356.523222483   202.200000000    95.530109548  0.965925826  0.000000000  0.258819045   4
>      48    48   0   356.523222483   269.600000000   -95.530109548  0.965925826  0.000000000 -0.258819045   4
>      47    47   0   260.993112936   269.600000000  -260.993112936  0.707106781  0.000000000 -0.707106781   4
>      46    46   0    95.530109548   269.600000000  -356.523222483  0.258819045 -0.000000000 -0.965925826   4
>      45    45   0   -95.530109548   269.600000000  -356.523222483 -0.258819045 -0.000000000 -0.965925826   4
>      44    44   0  -260.993112936   269.600000000  -260.993112936 -0.707106781 -0.000000000 -0.707106781   4
>      43    43   0  -356.523222483   269.600000000   -95.530109548 -0.965925826 -0.000000000 -0.258819045   4
>      42    42   0  -356.523222483   269.600000000    95.530109548 -0.965925826 -0.000000000  0.258819045   4
>      41    41   0  -260.993112936   269.600000000   260.993112936 -0.707106781 -0.000000000  0.707106781   4
>      40    40   0   -95.530109548   269.600000000   356.523222483 -0.258819045  0.000000000  0.965925826   4
>      39    39   0    95.530109548   269.600000000   356.523222483  0.258819045  0.000000000  0.965925826   4
>      38    38   0   260.993112936   269.600000000   260.993112936  0.707106781  0.000000000  0.707106781   4
>      37    37   0   356.523222483   269.600000000    95.530109548  0.965925826  0.000000000  0.258819045   4
>      36    36   0   371.534727099   303.300000000   -39.506411623  0.965925826  0.000000000 -0.258819045   4
>      35    35   0   341.511717867   303.300000000  -151.553807472  0.965925826  0.000000000 -0.258819045   4
>      34    34   0   302.005306244   303.300000000  -219.980919627  0.707106781  0.000000000 -0.707106781   4
>      33    33   0   219.980919627   303.300000000  -302.005306244  0.707106781  0.000000000 -0.707106781   4
>      32    32   0   151.553807472   303.300000000  -341.511717867  0.258819045 -0.000000000 -0.965925826   4
>      31    31   0    39.506411623   303.300000000  -371.534727099  0.258819045 -0.000000000 -0.965925826   4
>      30    30   0   -39.506411623   303.300000000  -371.534727099 -0.258819045 -0.000000000 -0.965925826   4
>      29    29   0  -151.553807472   303.300000000  -341.511717867 -0.258819045 -0.000000000 -0.965925826   4
>      28    28   0  -219.980919627   303.300000000  -302.005306244 -0.707106781 -0.000000000 -0.707106781   4
>      27    27   0  -302.005306244   303.300000000  -219.980919627 -0.707106781 -0.000000000 -0.707106781   4
>      26    26   0  -341.511717867   303.300000000  -151.553807472 -0.965925826 -0.000000000 -0.258819045   4
>      25    25   0  -371.534727099   303.300000000   -39.506411623 -0.965925826 -0.000000000 -0.258819045   4
>      24    24   0  -371.534727099   303.300000000    39.506411623 -0.965925826 -0.000000000  0.258819045   4
>      23    23   0  -341.511717867   303.300000000   151.553807472 -0.965925826 -0.000000000  0.258819045   4
>      22    22   0  -302.005306244   303.300000000   219.980919627 -0.707106781 -0.000000000  0.707106781   4
>      21    21   0  -219.980919627   303.300000000   302.005306244 -0.707106781 -0.000000000  0.707106781   4
>      20    20   0  -151.553807472   303.300000000   341.511717867 -0.258819045  0.000000000  0.965925826   4
>      19    19   0   -39.506411623   303.300000000   371.534727099 -0.258819045  0.000000000  0.965925826   4
>      18    18   0    39.506411623   303.300000000   371.534727099  0.258819045  0.000000000  0.965925826   4
>      17    17   0   151.553807472   303.300000000   341.511717867  0.258819045  0.000000000  0.965925826   4
>      16    16   0   219.980919627   303.300000000   302.005306244  0.707106781  0.000000000  0.707106781   4
>      15    15   0   302.005306244   303.300000000   219.980919627  0.707106781  0.000000000  0.707106781   4
>      14    14   0   341.511717867   303.300000000   151.553807472  0.965925826  0.000000000  0.258819045   4
>      13    13   0   371.534727099   303.300000000    39.506411623  0.965925826  0.000000000  0.258819045   4
>      12    12   0   356.523222483   337.000000000   -95.530109548  0.965925826  0.000000000 -0.258819045   4
>      11    11   0   260.993112936   337.000000000  -260.993112936  0.707106781  0.000000000 -0.707106781   4
>      10    10   0    95.530109548   337.000000000  -356.523222483  0.258819045 -0.000000000 -0.965925826   4
>       9     9   0   -95.530109548   337.000000000  -356.523222483 -0.258819045 -0.000000000 -0.965925826   4
>       8     8   0  -260.993112936   337.000000000  -260.993112936 -0.707106781 -0.000000000 -0.707106781   4
>       7     7   0  -356.523222483   337.000000000   -95.530109548 -0.965925826 -0.000000000 -0.258819045   4
>       6     6   0  -356.523222483   337.000000000    95.530109548 -0.965925826 -0.000000000  0.258819045   4
>       5     5   0  -260.993112936   337.000000000   260.993112936 -0.707106781 -0.000000000  0.707106781   4
>       4     4   0   -95.530109548   337.000000000   356.523222483 -0.258819045  0.000000000  0.965925826   4
>       3     3   0    95.530109548   337.000000000   356.523222483  0.258819045  0.000000000  0.965925826   4
>       2     2   0   260.993112936   337.000000000   260.993112936  0.707106781  0.000000000  0.707106781   4
>       1     1   0   356.523222483   337.000000000    95.530109548  0.965925826  0.000000000  0.258819045   4
